"","borocd","report_month","n_reports_311","n_repairs_dot","total_population","median_age","median_household_income","pct_renters","rental_vacancy_rate","pct_with_college_degree","pct_foreign_born","road_miles"
"1",101,2022-12-31 19:00:00,47,13,71865,35,200000,70.0999984741211,2.70000004768372,82.3000030517578,25,51.6360551900794
"2",101,2023-01-31 19:00:00,38,12,71865,35,200000,70.0999984741211,2.70000004768372,82.3000030517578,25,51.6360551900794
"3",101,2023-02-28 19:00:00,124,43,71865,35,200000,70.0999984741211,2.70000004768372,82.3000030517578,25,51.6360551900794
"4",101,2023-03-31 20:00:00,47,19,71865,35,200000,70.0999984741211,2.70000004768372,82.3000030517578,25,51.6360551900794
"5",101,2023-04-30 20:00:00,45,21,71865,35,200000,70.0999984741211,2.70000004768372,82.3000030517578,25,51.6360551900794
"6",101,2023-05-31 20:00:00,22,11,71865,35,200000,70.0999984741211,2.70000004768372,82.3000030517578,25,51.6360551900794
"7",101,2023-06-30 20:00:00,24,13,71865,35,200000,70.0999984741211,2.70000004768372,82.3000030517578,25,51.6360551900794
"8",101,2023-07-31 20:00:00,27,9,71865,35,200000,70.0999984741211,2.70000004768372,82.3000030517578,25,51.6360551900794
"9",101,2023-08-31 20:00:00,49,28,71865,35,200000,70.0999984741211,2.70000004768372,82.3000030517578,25,51.6360551900794
"10",101,2023-09-30 20:00:00,30,12,71865,35,200000,70.0999984741211,2.70000004768372,82.3000030517578,25,51.6360551900794
"11",101,2023-10-31 20:00:00,33,16,71865,35,200000,70.0999984741211,2.70000004768372,82.3000030517578,25,51.6360551900794
"12",101,2023-11-30 19:00:00,32,14,71865,35,200000,70.0999984741211,2.70000004768372,82.3000030517578,25,51.6360551900794
"13",101,2023-12-31 19:00:00,34,17,71865,35,200000,70.0999984741211,2.70000004768372,82.3000030517578,25,51.6360551900794
"14",101,2024-01-31 19:00:00,60,29,71865,35,200000,70.0999984741211,2.70000004768372,82.3000030517578,25,51.6360551900794
"15",101,2024-02-29 19:00:00,69,32,71865,35,200000,70.0999984741211,2.70000004768372,82.3000030517578,25,51.6360551900794
"16",101,2024-03-31 20:00:00,62,23,71865,35,200000,70.0999984741211,2.70000004768372,82.3000030517578,25,51.6360551900794
"17",101,2024-04-30 20:00:00,54,30,71865,35,200000,70.0999984741211,2.70000004768372,82.3000030517578,25,51.6360551900794
"18",101,2024-05-31 20:00:00,24,11,71865,35,200000,70.0999984741211,2.70000004768372,82.3000030517578,25,51.6360551900794
"19",101,2024-06-30 20:00:00,17,7,71865,35,200000,70.0999984741211,2.70000004768372,82.3000030517578,25,51.6360551900794
"20",101,2024-07-31 20:00:00,20,11,71865,35,200000,70.0999984741211,2.70000004768372,82.3000030517578,25,51.6360551900794
"21",101,2024-08-31 20:00:00,26,12,71865,35,200000,70.0999984741211,2.70000004768372,82.3000030517578,25,51.6360551900794
"22",101,2024-09-30 20:00:00,18,8,71865,35,200000,70.0999984741211,2.70000004768372,82.3000030517578,25,51.6360551900794
"23",101,2024-10-31 20:00:00,23,16,71865,35,200000,70.0999984741211,2.70000004768372,82.3000030517578,25,51.6360551900794
"24",101,2024-11-30 19:00:00,15,9,71865,35,200000,70.0999984741211,2.70000004768372,82.3000030517578,25,51.6360551900794
"25",102,2022-12-31 19:00:00,25,9,86202,38.2999992370605,157525,69.6999969482422,6.09999990463257,84.4000015258789,22.2999992370605,47.1019381122644
"26",102,2023-01-31 19:00:00,36,18,86202,38.2999992370605,157525,69.6999969482422,6.09999990463257,84.4000015258789,22.2999992370605,47.1019381122644
"27",102,2023-02-28 19:00:00,33,17,86202,38.2999992370605,157525,69.6999969482422,6.09999990463257,84.4000015258789,22.2999992370605,47.1019381122644
"28",102,2023-03-31 20:00:00,39,21,86202,38.2999992370605,157525,69.6999969482422,6.09999990463257,84.4000015258789,22.2999992370605,47.1019381122644
"29",102,2023-04-30 20:00:00,30,12,86202,38.2999992370605,157525,69.6999969482422,6.09999990463257,84.4000015258789,22.2999992370605,47.1019381122644
"30",102,2023-05-31 20:00:00,37,21,86202,38.2999992370605,157525,69.6999969482422,6.09999990463257,84.4000015258789,22.2999992370605,47.1019381122644
"31",102,2023-06-30 20:00:00,31,11,86202,38.2999992370605,157525,69.6999969482422,6.09999990463257,84.4000015258789,22.2999992370605,47.1019381122644
"32",102,2023-07-31 20:00:00,21,13,86202,38.2999992370605,157525,69.6999969482422,6.09999990463257,84.4000015258789,22.2999992370605,47.1019381122644
"33",102,2023-08-31 20:00:00,17,10,86202,38.2999992370605,157525,69.6999969482422,6.09999990463257,84.4000015258789,22.2999992370605,47.1019381122644
"34",102,2023-09-30 20:00:00,27,16,86202,38.2999992370605,157525,69.6999969482422,6.09999990463257,84.4000015258789,22.2999992370605,47.1019381122644
"35",102,2023-10-31 20:00:00,32,25,86202,38.2999992370605,157525,69.6999969482422,6.09999990463257,84.4000015258789,22.2999992370605,47.1019381122644
"36",102,2023-11-30 19:00:00,28,18,86202,38.2999992370605,157525,69.6999969482422,6.09999990463257,84.4000015258789,22.2999992370605,47.1019381122644
"37",102,2023-12-31 19:00:00,22,12,86202,38.2999992370605,157525,69.6999969482422,6.09999990463257,84.4000015258789,22.2999992370605,47.1019381122644
"38",102,2024-01-31 19:00:00,15,8,86202,38.2999992370605,157525,69.6999969482422,6.09999990463257,84.4000015258789,22.2999992370605,47.1019381122644
"39",102,2024-02-29 19:00:00,36,14,86202,38.2999992370605,157525,69.6999969482422,6.09999990463257,84.4000015258789,22.2999992370605,47.1019381122644
"40",102,2024-03-31 20:00:00,50,19,86202,38.2999992370605,157525,69.6999969482422,6.09999990463257,84.4000015258789,22.2999992370605,47.1019381122644
"41",102,2024-04-30 20:00:00,23,15,86202,38.2999992370605,157525,69.6999969482422,6.09999990463257,84.4000015258789,22.2999992370605,47.1019381122644
"42",102,2024-05-31 20:00:00,42,21,86202,38.2999992370605,157525,69.6999969482422,6.09999990463257,84.4000015258789,22.2999992370605,47.1019381122644
"43",102,2024-06-30 20:00:00,45,18,86202,38.2999992370605,157525,69.6999969482422,6.09999990463257,84.4000015258789,22.2999992370605,47.1019381122644
"44",102,2024-07-31 20:00:00,32,20,86202,38.2999992370605,157525,69.6999969482422,6.09999990463257,84.4000015258789,22.2999992370605,47.1019381122644
"45",102,2024-08-31 20:00:00,22,12,86202,38.2999992370605,157525,69.6999969482422,6.09999990463257,84.4000015258789,22.2999992370605,47.1019381122644
"46",102,2024-09-30 20:00:00,24,7,86202,38.2999992370605,157525,69.6999969482422,6.09999990463257,84.4000015258789,22.2999992370605,47.1019381122644
"47",102,2024-10-31 20:00:00,34,18,86202,38.2999992370605,157525,69.6999969482422,6.09999990463257,84.4000015258789,22.2999992370605,47.1019381122644
"48",102,2024-11-30 19:00:00,33,27,86202,38.2999992370605,157525,69.6999969482422,6.09999990463257,84.4000015258789,22.2999992370605,47.1019381122644
"49",103,2022-12-31 19:00:00,35,13,153288,39,58967,83.6999969482422,4.5,47.5999984741211,32.0999984741211,57.3204213288849
"50",103,2023-01-31 19:00:00,25,12,153288,39,58967,83.6999969482422,4.5,47.5999984741211,32.0999984741211,57.3204213288849
"51",103,2023-02-28 19:00:00,49,27,153288,39,58967,83.6999969482422,4.5,47.5999984741211,32.0999984741211,57.3204213288849
"52",103,2023-03-31 20:00:00,23,9,153288,39,58967,83.6999969482422,4.5,47.5999984741211,32.0999984741211,57.3204213288849
"53",103,2023-04-30 20:00:00,24,8,153288,39,58967,83.6999969482422,4.5,47.5999984741211,32.0999984741211,57.3204213288849
"54",103,2023-05-31 20:00:00,37,21,153288,39,58967,83.6999969482422,4.5,47.5999984741211,32.0999984741211,57.3204213288849
"55",103,2023-06-30 20:00:00,27,14,153288,39,58967,83.6999969482422,4.5,47.5999984741211,32.0999984741211,57.3204213288849
"56",103,2023-07-31 20:00:00,21,11,153288,39,58967,83.6999969482422,4.5,47.5999984741211,32.0999984741211,57.3204213288849
"57",103,2023-08-31 20:00:00,25,13,153288,39,58967,83.6999969482422,4.5,47.5999984741211,32.0999984741211,57.3204213288849
"58",103,2023-09-30 20:00:00,14,5,153288,39,58967,83.6999969482422,4.5,47.5999984741211,32.0999984741211,57.3204213288849
"59",103,2023-10-31 20:00:00,27,14,153288,39,58967,83.6999969482422,4.5,47.5999984741211,32.0999984741211,57.3204213288849
"60",103,2023-11-30 19:00:00,18,8,153288,39,58967,83.6999969482422,4.5,47.5999984741211,32.0999984741211,57.3204213288849
"61",103,2023-12-31 19:00:00,28,15,153288,39,58967,83.6999969482422,4.5,47.5999984741211,32.0999984741211,57.3204213288849
"62",103,2024-01-31 19:00:00,27,14,153288,39,58967,83.6999969482422,4.5,47.5999984741211,32.0999984741211,57.3204213288849
"63",103,2024-02-29 19:00:00,53,22,153288,39,58967,83.6999969482422,4.5,47.5999984741211,32.0999984741211,57.3204213288849
"64",103,2024-03-31 20:00:00,39,11,153288,39,58967,83.6999969482422,4.5,47.5999984741211,32.0999984741211,57.3204213288849
"65",103,2024-04-30 20:00:00,36,27,153288,39,58967,83.6999969482422,4.5,47.5999984741211,32.0999984741211,57.3204213288849
"66",103,2024-05-31 20:00:00,40,19,153288,39,58967,83.6999969482422,4.5,47.5999984741211,32.0999984741211,57.3204213288849
"67",103,2024-06-30 20:00:00,51,29,153288,39,58967,83.6999969482422,4.5,47.5999984741211,32.0999984741211,57.3204213288849
"68",103,2024-07-31 20:00:00,35,23,153288,39,58967,83.6999969482422,4.5,47.5999984741211,32.0999984741211,57.3204213288849
"69",103,2024-08-31 20:00:00,33,24,153288,39,58967,83.6999969482422,4.5,47.5999984741211,32.0999984741211,57.3204213288849
"70",103,2024-09-30 20:00:00,22,8,153288,39,58967,83.6999969482422,4.5,47.5999984741211,32.0999984741211,57.3204213288849
"71",103,2024-10-31 20:00:00,22,14,153288,39,58967,83.6999969482422,4.5,47.5999984741211,32.0999984741211,57.3204213288849
"72",103,2024-11-30 19:00:00,25,17,153288,39,58967,83.6999969482422,4.5,47.5999984741211,32.0999984741211,57.3204213288849
"73",104,2022-12-31 19:00:00,34,9,117099,39.0999984741211,116306,79.3000030517578,6.80000019073486,74,28.2999992370605,51.7556909340589
"74",104,2023-01-31 19:00:00,31,20,117099,39.0999984741211,116306,79.3000030517578,6.80000019073486,74,28.2999992370605,51.7556909340589
"75",104,2023-02-28 19:00:00,45,17,117099,39.0999984741211,116306,79.3000030517578,6.80000019073486,74,28.2999992370605,51.7556909340589
"76",104,2023-03-31 20:00:00,36,16,117099,39.0999984741211,116306,79.3000030517578,6.80000019073486,74,28.2999992370605,51.7556909340589
"77",104,2023-04-30 20:00:00,25,8,117099,39.0999984741211,116306,79.3000030517578,6.80000019073486,74,28.2999992370605,51.7556909340589
"78",104,2023-05-31 20:00:00,31,16,117099,39.0999984741211,116306,79.3000030517578,6.80000019073486,74,28.2999992370605,51.7556909340589
"79",104,2023-06-30 20:00:00,29,11,117099,39.0999984741211,116306,79.3000030517578,6.80000019073486,74,28.2999992370605,51.7556909340589
"80",104,2023-07-31 20:00:00,36,15,117099,39.0999984741211,116306,79.3000030517578,6.80000019073486,74,28.2999992370605,51.7556909340589
"81",104,2023-08-31 20:00:00,23,7,117099,39.0999984741211,116306,79.3000030517578,6.80000019073486,74,28.2999992370605,51.7556909340589
"82",104,2023-09-30 20:00:00,23,7,117099,39.0999984741211,116306,79.3000030517578,6.80000019073486,74,28.2999992370605,51.7556909340589
"83",104,2023-10-31 20:00:00,32,14,117099,39.0999984741211,116306,79.3000030517578,6.80000019073486,74,28.2999992370605,51.7556909340589
"84",104,2023-11-30 19:00:00,23,9,117099,39.0999984741211,116306,79.3000030517578,6.80000019073486,74,28.2999992370605,51.7556909340589
"85",104,2023-12-31 19:00:00,30,11,117099,39.0999984741211,116306,79.3000030517578,6.80000019073486,74,28.2999992370605,51.7556909340589
"86",104,2024-01-31 19:00:00,34,11,117099,39.0999984741211,116306,79.3000030517578,6.80000019073486,74,28.2999992370605,51.7556909340589
"87",104,2024-02-29 19:00:00,50,23,117099,39.0999984741211,116306,79.3000030517578,6.80000019073486,74,28.2999992370605,51.7556909340589
"88",104,2024-03-31 20:00:00,64,25,117099,39.0999984741211,116306,79.3000030517578,6.80000019073486,74,28.2999992370605,51.7556909340589
"89",104,2024-04-30 20:00:00,61,30,117099,39.0999984741211,116306,79.3000030517578,6.80000019073486,74,28.2999992370605,51.7556909340589
"90",104,2024-05-31 20:00:00,36,16,117099,39.0999984741211,116306,79.3000030517578,6.80000019073486,74,28.2999992370605,51.7556909340589
"91",104,2024-06-30 20:00:00,39,19,117099,39.0999984741211,116306,79.3000030517578,6.80000019073486,74,28.2999992370605,51.7556909340589
"92",104,2024-07-31 20:00:00,26,9,117099,39.0999984741211,116306,79.3000030517578,6.80000019073486,74,28.2999992370605,51.7556909340589
"93",104,2024-08-31 20:00:00,33,13,117099,39.0999984741211,116306,79.3000030517578,6.80000019073486,74,28.2999992370605,51.7556909340589
"94",104,2024-09-30 20:00:00,17,12,117099,39.0999984741211,116306,79.3000030517578,6.80000019073486,74,28.2999992370605,51.7556909340589
"95",104,2024-10-31 20:00:00,17,6,117099,39.0999984741211,116306,79.3000030517578,6.80000019073486,74,28.2999992370605,51.7556909340589
"96",104,2024-11-30 19:00:00,32,21,117099,39.0999984741211,116306,79.3000030517578,6.80000019073486,74,28.2999992370605,51.7556909340589
"97",105,2022-12-31 19:00:00,41,14,51619,38.0999984741211,167989,71.1999969482422,7.40000009536743,78.5,30.2000007629395,46.2524914767164
"98",105,2023-01-31 19:00:00,52,17,51619,38.0999984741211,167989,71.1999969482422,7.40000009536743,78.5,30.2000007629395,46.2524914767164
"99",105,2023-02-28 19:00:00,80,38,51619,38.0999984741211,167989,71.1999969482422,7.40000009536743,78.5,30.2000007629395,46.2524914767164
"100",105,2023-03-31 20:00:00,55,31,51619,38.0999984741211,167989,71.1999969482422,7.40000009536743,78.5,30.2000007629395,46.2524914767164
"101",105,2023-04-30 20:00:00,56,22,51619,38.0999984741211,167989,71.1999969482422,7.40000009536743,78.5,30.2000007629395,46.2524914767164
"102",105,2023-05-31 20:00:00,32,16,51619,38.0999984741211,167989,71.1999969482422,7.40000009536743,78.5,30.2000007629395,46.2524914767164
"103",105,2023-06-30 20:00:00,55,30,51619,38.0999984741211,167989,71.1999969482422,7.40000009536743,78.5,30.2000007629395,46.2524914767164
"104",105,2023-07-31 20:00:00,45,32,51619,38.0999984741211,167989,71.1999969482422,7.40000009536743,78.5,30.2000007629395,46.2524914767164
"105",105,2023-08-31 20:00:00,54,24,51619,38.0999984741211,167989,71.1999969482422,7.40000009536743,78.5,30.2000007629395,46.2524914767164
"106",105,2023-09-30 20:00:00,111,65,51619,38.0999984741211,167989,71.1999969482422,7.40000009536743,78.5,30.2000007629395,46.2524914767164
"107",105,2023-10-31 20:00:00,79,50,51619,38.0999984741211,167989,71.1999969482422,7.40000009536743,78.5,30.2000007629395,46.2524914767164
"108",105,2023-11-30 19:00:00,70,42,51619,38.0999984741211,167989,71.1999969482422,7.40000009536743,78.5,30.2000007629395,46.2524914767164
"109",105,2023-12-31 19:00:00,25,15,51619,38.0999984741211,167989,71.1999969482422,7.40000009536743,78.5,30.2000007629395,46.2524914767164
"110",105,2024-01-31 19:00:00,35,16,51619,38.0999984741211,167989,71.1999969482422,7.40000009536743,78.5,30.2000007629395,46.2524914767164
"111",105,2024-02-29 19:00:00,93,48,51619,38.0999984741211,167989,71.1999969482422,7.40000009536743,78.5,30.2000007629395,46.2524914767164
"112",105,2024-03-31 20:00:00,81,33,51619,38.0999984741211,167989,71.1999969482422,7.40000009536743,78.5,30.2000007629395,46.2524914767164
"113",105,2024-04-30 20:00:00,64,23,51619,38.0999984741211,167989,71.1999969482422,7.40000009536743,78.5,30.2000007629395,46.2524914767164
"114",105,2024-05-31 20:00:00,72,52,51619,38.0999984741211,167989,71.1999969482422,7.40000009536743,78.5,30.2000007629395,46.2524914767164
"115",105,2024-06-30 20:00:00,49,36,51619,38.0999984741211,167989,71.1999969482422,7.40000009536743,78.5,30.2000007629395,46.2524914767164
"116",105,2024-07-31 20:00:00,60,36,51619,38.0999984741211,167989,71.1999969482422,7.40000009536743,78.5,30.2000007629395,46.2524914767164
"117",105,2024-08-31 20:00:00,69,47,51619,38.0999984741211,167989,71.1999969482422,7.40000009536743,78.5,30.2000007629395,46.2524914767164
"118",105,2024-09-30 20:00:00,75,41,51619,38.0999984741211,167989,71.1999969482422,7.40000009536743,78.5,30.2000007629395,46.2524914767164
"119",105,2024-10-31 20:00:00,68,40,51619,38.0999984741211,167989,71.1999969482422,7.40000009536743,78.5,30.2000007629395,46.2524914767164
"120",105,2024-11-30 19:00:00,82,58,51619,38.0999984741211,167989,71.1999969482422,7.40000009536743,78.5,30.2000007629395,46.2524914767164
"121",106,2022-12-31 19:00:00,46,26,145360,38.0999984741211,154907,68.5,3.79999995231628,83.4000015258789,24,46.8279312592445
"122",106,2023-01-31 19:00:00,26,12,145360,38.0999984741211,154907,68.5,3.79999995231628,83.4000015258789,24,46.8279312592445
"123",106,2023-02-28 19:00:00,43,20,145360,38.0999984741211,154907,68.5,3.79999995231628,83.4000015258789,24,46.8279312592445
"124",106,2023-03-31 20:00:00,24,13,145360,38.0999984741211,154907,68.5,3.79999995231628,83.4000015258789,24,46.8279312592445
"125",106,2023-04-30 20:00:00,27,4,145360,38.0999984741211,154907,68.5,3.79999995231628,83.4000015258789,24,46.8279312592445
"126",106,2023-05-31 20:00:00,25,14,145360,38.0999984741211,154907,68.5,3.79999995231628,83.4000015258789,24,46.8279312592445
"127",106,2023-06-30 20:00:00,24,9,145360,38.0999984741211,154907,68.5,3.79999995231628,83.4000015258789,24,46.8279312592445
"128",106,2023-07-31 20:00:00,21,8,145360,38.0999984741211,154907,68.5,3.79999995231628,83.4000015258789,24,46.8279312592445
"129",106,2023-08-31 20:00:00,25,9,145360,38.0999984741211,154907,68.5,3.79999995231628,83.4000015258789,24,46.8279312592445
"130",106,2023-09-30 20:00:00,40,20,145360,38.0999984741211,154907,68.5,3.79999995231628,83.4000015258789,24,46.8279312592445
"131",106,2023-10-31 20:00:00,21,11,145360,38.0999984741211,154907,68.5,3.79999995231628,83.4000015258789,24,46.8279312592445
"132",106,2023-11-30 19:00:00,15,12,145360,38.0999984741211,154907,68.5,3.79999995231628,83.4000015258789,24,46.8279312592445
"133",106,2023-12-31 19:00:00,29,13,145360,38.0999984741211,154907,68.5,3.79999995231628,83.4000015258789,24,46.8279312592445
"134",106,2024-01-31 19:00:00,31,14,145360,38.0999984741211,154907,68.5,3.79999995231628,83.4000015258789,24,46.8279312592445
"135",106,2024-02-29 19:00:00,52,24,145360,38.0999984741211,154907,68.5,3.79999995231628,83.4000015258789,24,46.8279312592445
"136",106,2024-03-31 20:00:00,39,20,145360,38.0999984741211,154907,68.5,3.79999995231628,83.4000015258789,24,46.8279312592445
"137",106,2024-04-30 20:00:00,32,15,145360,38.0999984741211,154907,68.5,3.79999995231628,83.4000015258789,24,46.8279312592445
"138",106,2024-05-31 20:00:00,40,20,145360,38.0999984741211,154907,68.5,3.79999995231628,83.4000015258789,24,46.8279312592445
"139",106,2024-06-30 20:00:00,42,11,145360,38.0999984741211,154907,68.5,3.79999995231628,83.4000015258789,24,46.8279312592445
"140",106,2024-07-31 20:00:00,28,17,145360,38.0999984741211,154907,68.5,3.79999995231628,83.4000015258789,24,46.8279312592445
"141",106,2024-08-31 20:00:00,21,15,145360,38.0999984741211,154907,68.5,3.79999995231628,83.4000015258789,24,46.8279312592445
"142",106,2024-09-30 20:00:00,10,7,145360,38.0999984741211,154907,68.5,3.79999995231628,83.4000015258789,24,46.8279312592445
"143",106,2024-10-31 20:00:00,12,4,145360,38.0999984741211,154907,68.5,3.79999995231628,83.4000015258789,24,46.8279312592445
"144",106,2024-11-30 19:00:00,22,12,145360,38.0999984741211,154907,68.5,3.79999995231628,83.4000015258789,24,46.8279312592445
"145",107,2022-12-31 19:00:00,37,21,218761,43.2999992370605,144026,64.0999984741211,7.80000019073486,78.1999969482422,23,55.532640528292
"146",107,2023-01-31 19:00:00,26,11,218761,43.2999992370605,144026,64.0999984741211,7.80000019073486,78.1999969482422,23,55.532640528292
"147",107,2023-02-28 19:00:00,61,18,218761,43.2999992370605,144026,64.0999984741211,7.80000019073486,78.1999969482422,23,55.532640528292
"148",107,2023-03-31 20:00:00,37,12,218761,43.2999992370605,144026,64.0999984741211,7.80000019073486,78.1999969482422,23,55.532640528292
"149",107,2023-04-30 20:00:00,71,33,218761,43.2999992370605,144026,64.0999984741211,7.80000019073486,78.1999969482422,23,55.532640528292
"150",107,2023-05-31 20:00:00,42,19,218761,43.2999992370605,144026,64.0999984741211,7.80000019073486,78.1999969482422,23,55.532640528292
"151",107,2023-06-30 20:00:00,32,15,218761,43.2999992370605,144026,64.0999984741211,7.80000019073486,78.1999969482422,23,55.532640528292
"152",107,2023-07-31 20:00:00,34,12,218761,43.2999992370605,144026,64.0999984741211,7.80000019073486,78.1999969482422,23,55.532640528292
"153",107,2023-08-31 20:00:00,42,19,218761,43.2999992370605,144026,64.0999984741211,7.80000019073486,78.1999969482422,23,55.532640528292
"154",107,2023-09-30 20:00:00,56,22,218761,43.2999992370605,144026,64.0999984741211,7.80000019073486,78.1999969482422,23,55.532640528292
"155",107,2023-10-31 20:00:00,30,8,218761,43.2999992370605,144026,64.0999984741211,7.80000019073486,78.1999969482422,23,55.532640528292
"156",107,2023-11-30 19:00:00,26,11,218761,43.2999992370605,144026,64.0999984741211,7.80000019073486,78.1999969482422,23,55.532640528292
"157",107,2023-12-31 19:00:00,21,7,218761,43.2999992370605,144026,64.0999984741211,7.80000019073486,78.1999969482422,23,55.532640528292
"158",107,2024-01-31 19:00:00,42,13,218761,43.2999992370605,144026,64.0999984741211,7.80000019073486,78.1999969482422,23,55.532640528292
"159",107,2024-02-29 19:00:00,51,24,218761,43.2999992370605,144026,64.0999984741211,7.80000019073486,78.1999969482422,23,55.532640528292
"160",107,2024-03-31 20:00:00,71,24,218761,43.2999992370605,144026,64.0999984741211,7.80000019073486,78.1999969482422,23,55.532640528292
"161",107,2024-04-30 20:00:00,53,24,218761,43.2999992370605,144026,64.0999984741211,7.80000019073486,78.1999969482422,23,55.532640528292
"162",107,2024-05-31 20:00:00,34,10,218761,43.2999992370605,144026,64.0999984741211,7.80000019073486,78.1999969482422,23,55.532640528292
"163",107,2024-06-30 20:00:00,23,7,218761,43.2999992370605,144026,64.0999984741211,7.80000019073486,78.1999969482422,23,55.532640528292
"164",107,2024-07-31 20:00:00,26,11,218761,43.2999992370605,144026,64.0999984741211,7.80000019073486,78.1999969482422,23,55.532640528292
"165",107,2024-08-31 20:00:00,29,10,218761,43.2999992370605,144026,64.0999984741211,7.80000019073486,78.1999969482422,23,55.532640528292
"166",107,2024-09-30 20:00:00,55,27,218761,43.2999992370605,144026,64.0999984741211,7.80000019073486,78.1999969482422,23,55.532640528292
"167",107,2024-10-31 20:00:00,21,13,218761,43.2999992370605,144026,64.0999984741211,7.80000019073486,78.1999969482422,23,55.532640528292
"168",107,2024-11-30 19:00:00,20,11,218761,43.2999992370605,144026,64.0999984741211,7.80000019073486,78.1999969482422,23,55.532640528292
"169",108,2022-12-31 19:00:00,64,27,212308,42.2000007629395,153866,63,7.30000019073486,81,24,62.4010767803419
"170",108,2023-01-31 19:00:00,25,5,212308,42.2000007629395,153866,63,7.30000019073486,81,24,62.4010767803419
"171",108,2023-02-28 19:00:00,62,29,212308,42.2000007629395,153866,63,7.30000019073486,81,24,62.4010767803419
"172",108,2023-03-31 20:00:00,37,18,212308,42.2000007629395,153866,63,7.30000019073486,81,24,62.4010767803419
"173",108,2023-04-30 20:00:00,78,27,212308,42.2000007629395,153866,63,7.30000019073486,81,24,62.4010767803419
"174",108,2023-05-31 20:00:00,69,17,212308,42.2000007629395,153866,63,7.30000019073486,81,24,62.4010767803419
"175",108,2023-06-30 20:00:00,44,20,212308,42.2000007629395,153866,63,7.30000019073486,81,24,62.4010767803419
"176",108,2023-07-31 20:00:00,62,26,212308,42.2000007629395,153866,63,7.30000019073486,81,24,62.4010767803419
"177",108,2023-08-31 20:00:00,32,13,212308,42.2000007629395,153866,63,7.30000019073486,81,24,62.4010767803419
"178",108,2023-09-30 20:00:00,41,14,212308,42.2000007629395,153866,63,7.30000019073486,81,24,62.4010767803419
"179",108,2023-10-31 20:00:00,43,23,212308,42.2000007629395,153866,63,7.30000019073486,81,24,62.4010767803419
"180",108,2023-11-30 19:00:00,23,9,212308,42.2000007629395,153866,63,7.30000019073486,81,24,62.4010767803419
"181",108,2023-12-31 19:00:00,51,27,212308,42.2000007629395,153866,63,7.30000019073486,81,24,62.4010767803419
"182",108,2024-01-31 19:00:00,57,23,212308,42.2000007629395,153866,63,7.30000019073486,81,24,62.4010767803419
"183",108,2024-02-29 19:00:00,113,40,212308,42.2000007629395,153866,63,7.30000019073486,81,24,62.4010767803419
"184",108,2024-03-31 20:00:00,93,37,212308,42.2000007629395,153866,63,7.30000019073486,81,24,62.4010767803419
"185",108,2024-04-30 20:00:00,73,36,212308,42.2000007629395,153866,63,7.30000019073486,81,24,62.4010767803419
"186",108,2024-05-31 20:00:00,75,32,212308,42.2000007629395,153866,63,7.30000019073486,81,24,62.4010767803419
"187",108,2024-06-30 20:00:00,63,21,212308,42.2000007629395,153866,63,7.30000019073486,81,24,62.4010767803419
"188",108,2024-07-31 20:00:00,48,25,212308,42.2000007629395,153866,63,7.30000019073486,81,24,62.4010767803419
"189",108,2024-08-31 20:00:00,55,30,212308,42.2000007629395,153866,63,7.30000019073486,81,24,62.4010767803419
"190",108,2024-09-30 20:00:00,41,22,212308,42.2000007629395,153866,63,7.30000019073486,81,24,62.4010767803419
"191",108,2024-10-31 20:00:00,18,12,212308,42.2000007629395,153866,63,7.30000019073486,81,24,62.4010767803419
"192",108,2024-11-30 19:00:00,20,7,212308,42.2000007629395,153866,63,7.30000019073486,81,24,62.4010767803419
"193",109,2022-12-31 19:00:00,28,17,112774,34.5999984741211,65048,84.4000015258789,5.80000019073486,48.2999992370605,33.7999992370605,43.356893022068
"194",109,2023-01-31 19:00:00,18,7,112774,34.5999984741211,65048,84.4000015258789,5.80000019073486,48.2999992370605,33.7999992370605,43.356893022068
"195",109,2023-02-28 19:00:00,33,13,112774,34.5999984741211,65048,84.4000015258789,5.80000019073486,48.2999992370605,33.7999992370605,43.356893022068
"196",109,2023-03-31 20:00:00,21,12,112774,34.5999984741211,65048,84.4000015258789,5.80000019073486,48.2999992370605,33.7999992370605,43.356893022068
"197",109,2023-04-30 20:00:00,31,10,112774,34.5999984741211,65048,84.4000015258789,5.80000019073486,48.2999992370605,33.7999992370605,43.356893022068
"198",109,2023-05-31 20:00:00,18,6,112774,34.5999984741211,65048,84.4000015258789,5.80000019073486,48.2999992370605,33.7999992370605,43.356893022068
"199",109,2023-06-30 20:00:00,20,8,112774,34.5999984741211,65048,84.4000015258789,5.80000019073486,48.2999992370605,33.7999992370605,43.356893022068
"200",109,2023-07-31 20:00:00,14,8,112774,34.5999984741211,65048,84.4000015258789,5.80000019073486,48.2999992370605,33.7999992370605,43.356893022068
"201",109,2023-08-31 20:00:00,13,5,112774,34.5999984741211,65048,84.4000015258789,5.80000019073486,48.2999992370605,33.7999992370605,43.356893022068
"202",109,2023-09-30 20:00:00,9,6,112774,34.5999984741211,65048,84.4000015258789,5.80000019073486,48.2999992370605,33.7999992370605,43.356893022068
"203",109,2023-10-31 20:00:00,14,7,112774,34.5999984741211,65048,84.4000015258789,5.80000019073486,48.2999992370605,33.7999992370605,43.356893022068
"204",109,2023-11-30 19:00:00,21,11,112774,34.5999984741211,65048,84.4000015258789,5.80000019073486,48.2999992370605,33.7999992370605,43.356893022068
"205",109,2023-12-31 19:00:00,20,10,112774,34.5999984741211,65048,84.4000015258789,5.80000019073486,48.2999992370605,33.7999992370605,43.356893022068
"206",109,2024-01-31 19:00:00,22,6,112774,34.5999984741211,65048,84.4000015258789,5.80000019073486,48.2999992370605,33.7999992370605,43.356893022068
"207",109,2024-02-29 19:00:00,32,18,112774,34.5999984741211,65048,84.4000015258789,5.80000019073486,48.2999992370605,33.7999992370605,43.356893022068
"208",109,2024-03-31 20:00:00,45,19,112774,34.5999984741211,65048,84.4000015258789,5.80000019073486,48.2999992370605,33.7999992370605,43.356893022068
"209",109,2024-04-30 20:00:00,21,8,112774,34.5999984741211,65048,84.4000015258789,5.80000019073486,48.2999992370605,33.7999992370605,43.356893022068
"210",109,2024-05-31 20:00:00,16,6,112774,34.5999984741211,65048,84.4000015258789,5.80000019073486,48.2999992370605,33.7999992370605,43.356893022068
"211",109,2024-06-30 20:00:00,15,7,112774,34.5999984741211,65048,84.4000015258789,5.80000019073486,48.2999992370605,33.7999992370605,43.356893022068
"212",109,2024-07-31 20:00:00,11,8,112774,34.5999984741211,65048,84.4000015258789,5.80000019073486,48.2999992370605,33.7999992370605,43.356893022068
"213",109,2024-08-31 20:00:00,11,7,112774,34.5999984741211,65048,84.4000015258789,5.80000019073486,48.2999992370605,33.7999992370605,43.356893022068
"214",109,2024-09-30 20:00:00,5,2,112774,34.5999984741211,65048,84.4000015258789,5.80000019073486,48.2999992370605,33.7999992370605,43.356893022068
"215",109,2024-10-31 20:00:00,10,4,112774,34.5999984741211,65048,84.4000015258789,5.80000019073486,48.2999992370605,33.7999992370605,43.356893022068
"216",109,2024-11-30 19:00:00,5,3,112774,34.5999984741211,65048,84.4000015258789,5.80000019073486,48.2999992370605,33.7999992370605,43.356893022068
"217",110,2022-12-31 19:00:00,10,4,134893,38.2000007629395,59061,84,4.30000019073486,42.2999992370605,23.8999996185303,42.8239570458546
"218",110,2023-01-31 19:00:00,15,5,134893,38.2000007629395,59061,84,4.30000019073486,42.2999992370605,23.8999996185303,42.8239570458546
"219",110,2023-02-28 19:00:00,13,4,134893,38.2000007629395,59061,84,4.30000019073486,42.2999992370605,23.8999996185303,42.8239570458546
"220",110,2023-03-31 20:00:00,19,12,134893,38.2000007629395,59061,84,4.30000019073486,42.2999992370605,23.8999996185303,42.8239570458546
"221",110,2023-04-30 20:00:00,25,12,134893,38.2000007629395,59061,84,4.30000019073486,42.2999992370605,23.8999996185303,42.8239570458546
"222",110,2023-05-31 20:00:00,16,6,134893,38.2000007629395,59061,84,4.30000019073486,42.2999992370605,23.8999996185303,42.8239570458546
"223",110,2023-06-30 20:00:00,22,14,134893,38.2000007629395,59061,84,4.30000019073486,42.2999992370605,23.8999996185303,42.8239570458546
"224",110,2023-07-31 20:00:00,32,16,134893,38.2000007629395,59061,84,4.30000019073486,42.2999992370605,23.8999996185303,42.8239570458546
"225",110,2023-08-31 20:00:00,27,16,134893,38.2000007629395,59061,84,4.30000019073486,42.2999992370605,23.8999996185303,42.8239570458546
"226",110,2023-09-30 20:00:00,10,4,134893,38.2000007629395,59061,84,4.30000019073486,42.2999992370605,23.8999996185303,42.8239570458546
"227",110,2023-10-31 20:00:00,13,3,134893,38.2000007629395,59061,84,4.30000019073486,42.2999992370605,23.8999996185303,42.8239570458546
"228",110,2023-11-30 19:00:00,9,5,134893,38.2000007629395,59061,84,4.30000019073486,42.2999992370605,23.8999996185303,42.8239570458546
"229",110,2023-12-31 19:00:00,5,3,134893,38.2000007629395,59061,84,4.30000019073486,42.2999992370605,23.8999996185303,42.8239570458546
"230",110,2024-01-31 19:00:00,22,8,134893,38.2000007629395,59061,84,4.30000019073486,42.2999992370605,23.8999996185303,42.8239570458546
"231",110,2024-02-29 19:00:00,30,13,134893,38.2000007629395,59061,84,4.30000019073486,42.2999992370605,23.8999996185303,42.8239570458546
"232",110,2024-03-31 20:00:00,34,18,134893,38.2000007629395,59061,84,4.30000019073486,42.2999992370605,23.8999996185303,42.8239570458546
"233",110,2024-04-30 20:00:00,19,8,134893,38.2000007629395,59061,84,4.30000019073486,42.2999992370605,23.8999996185303,42.8239570458546
"234",110,2024-05-31 20:00:00,10,2,134893,38.2000007629395,59061,84,4.30000019073486,42.2999992370605,23.8999996185303,42.8239570458546
"235",110,2024-06-30 20:00:00,19,8,134893,38.2000007629395,59061,84,4.30000019073486,42.2999992370605,23.8999996185303,42.8239570458546
"236",110,2024-07-31 20:00:00,15,10,134893,38.2000007629395,59061,84,4.30000019073486,42.2999992370605,23.8999996185303,42.8239570458546
"237",110,2024-08-31 20:00:00,24,22,134893,38.2000007629395,59061,84,4.30000019073486,42.2999992370605,23.8999996185303,42.8239570458546
"238",110,2024-09-30 20:00:00,5,2,134893,38.2000007629395,59061,84,4.30000019073486,42.2999992370605,23.8999996185303,42.8239570458546
"239",110,2024-10-31 20:00:00,2,1,134893,38.2000007629395,59061,84,4.30000019073486,42.2999992370605,23.8999996185303,42.8239570458546
"240",110,2024-11-30 19:00:00,6,5,134893,38.2000007629395,59061,84,4.30000019073486,42.2999992370605,23.8999996185303,42.8239570458546
"241",111,2022-12-31 19:00:00,21,9,124499,37.4000015258789,40975,91.8000030517578,4.5,35.0999984741211,24.3999996185303,69.9569943349452
"242",111,2023-01-31 19:00:00,8,2,124499,37.4000015258789,40975,91.8000030517578,4.5,35.0999984741211,24.3999996185303,69.9569943349452
"243",111,2023-02-28 19:00:00,31,7,124499,37.4000015258789,40975,91.8000030517578,4.5,35.0999984741211,24.3999996185303,69.9569943349452
"244",111,2023-03-31 20:00:00,27,19,124499,37.4000015258789,40975,91.8000030517578,4.5,35.0999984741211,24.3999996185303,69.9569943349452
"245",111,2023-04-30 20:00:00,20,14,124499,37.4000015258789,40975,91.8000030517578,4.5,35.0999984741211,24.3999996185303,69.9569943349452
"246",111,2023-05-31 20:00:00,26,14,124499,37.4000015258789,40975,91.8000030517578,4.5,35.0999984741211,24.3999996185303,69.9569943349452
"247",111,2023-06-30 20:00:00,22,13,124499,37.4000015258789,40975,91.8000030517578,4.5,35.0999984741211,24.3999996185303,69.9569943349452
"248",111,2023-07-31 20:00:00,23,18,124499,37.4000015258789,40975,91.8000030517578,4.5,35.0999984741211,24.3999996185303,69.9569943349452
"249",111,2023-08-31 20:00:00,13,1,124499,37.4000015258789,40975,91.8000030517578,4.5,35.0999984741211,24.3999996185303,69.9569943349452
"250",111,2023-09-30 20:00:00,22,12,124499,37.4000015258789,40975,91.8000030517578,4.5,35.0999984741211,24.3999996185303,69.9569943349452
"251",111,2023-10-31 20:00:00,15,7,124499,37.4000015258789,40975,91.8000030517578,4.5,35.0999984741211,24.3999996185303,69.9569943349452
"252",111,2023-11-30 19:00:00,26,15,124499,37.4000015258789,40975,91.8000030517578,4.5,35.0999984741211,24.3999996185303,69.9569943349452
"253",111,2023-12-31 19:00:00,31,15,124499,37.4000015258789,40975,91.8000030517578,4.5,35.0999984741211,24.3999996185303,69.9569943349452
"254",111,2024-01-31 19:00:00,20,8,124499,37.4000015258789,40975,91.8000030517578,4.5,35.0999984741211,24.3999996185303,69.9569943349452
"255",111,2024-02-29 19:00:00,39,17,124499,37.4000015258789,40975,91.8000030517578,4.5,35.0999984741211,24.3999996185303,69.9569943349452
"256",111,2024-03-31 20:00:00,43,14,124499,37.4000015258789,40975,91.8000030517578,4.5,35.0999984741211,24.3999996185303,69.9569943349452
"257",111,2024-04-30 20:00:00,36,20,124499,37.4000015258789,40975,91.8000030517578,4.5,35.0999984741211,24.3999996185303,69.9569943349452
"258",111,2024-05-31 20:00:00,51,30,124499,37.4000015258789,40975,91.8000030517578,4.5,35.0999984741211,24.3999996185303,69.9569943349452
"259",111,2024-06-30 20:00:00,19,8,124499,37.4000015258789,40975,91.8000030517578,4.5,35.0999984741211,24.3999996185303,69.9569943349452
"260",111,2024-07-31 20:00:00,19,10,124499,37.4000015258789,40975,91.8000030517578,4.5,35.0999984741211,24.3999996185303,69.9569943349452
"261",111,2024-08-31 20:00:00,8,5,124499,37.4000015258789,40975,91.8000030517578,4.5,35.0999984741211,24.3999996185303,69.9569943349452
"262",111,2024-09-30 20:00:00,33,17,124499,37.4000015258789,40975,91.8000030517578,4.5,35.0999984741211,24.3999996185303,69.9569943349452
"263",111,2024-10-31 20:00:00,9,6,124499,37.4000015258789,40975,91.8000030517578,4.5,35.0999984741211,24.3999996185303,69.9569943349452
"264",111,2024-11-30 19:00:00,21,12,124499,37.4000015258789,40975,91.8000030517578,4.5,35.0999984741211,24.3999996185303,69.9569943349452
"265",112,2022-12-31 19:00:00,31,15,188591,39.0999984741211,67024,87.6999969482422,2.79999995231628,39.7000007629395,43.5,79.1899645684487
"266",112,2023-01-31 19:00:00,55,30,188591,39.0999984741211,67024,87.6999969482422,2.79999995231628,39.7000007629395,43.5,79.1899645684487
"267",112,2023-02-28 19:00:00,46,22,188591,39.0999984741211,67024,87.6999969482422,2.79999995231628,39.7000007629395,43.5,79.1899645684487
"268",112,2023-03-31 20:00:00,58,25,188591,39.0999984741211,67024,87.6999969482422,2.79999995231628,39.7000007629395,43.5,79.1899645684487
"269",112,2023-04-30 20:00:00,36,19,188591,39.0999984741211,67024,87.6999969482422,2.79999995231628,39.7000007629395,43.5,79.1899645684487
"270",112,2023-05-31 20:00:00,13,11,188591,39.0999984741211,67024,87.6999969482422,2.79999995231628,39.7000007629395,43.5,79.1899645684487
"271",112,2023-06-30 20:00:00,20,13,188591,39.0999984741211,67024,87.6999969482422,2.79999995231628,39.7000007629395,43.5,79.1899645684487
"272",112,2023-07-31 20:00:00,25,14,188591,39.0999984741211,67024,87.6999969482422,2.79999995231628,39.7000007629395,43.5,79.1899645684487
"273",112,2023-08-31 20:00:00,26,8,188591,39.0999984741211,67024,87.6999969482422,2.79999995231628,39.7000007629395,43.5,79.1899645684487
"274",112,2023-09-30 20:00:00,20,8,188591,39.0999984741211,67024,87.6999969482422,2.79999995231628,39.7000007629395,43.5,79.1899645684487
"275",112,2023-10-31 20:00:00,13,8,188591,39.0999984741211,67024,87.6999969482422,2.79999995231628,39.7000007629395,43.5,79.1899645684487
"276",112,2023-11-30 19:00:00,22,16,188591,39.0999984741211,67024,87.6999969482422,2.79999995231628,39.7000007629395,43.5,79.1899645684487
"277",112,2023-12-31 19:00:00,33,20,188591,39.0999984741211,67024,87.6999969482422,2.79999995231628,39.7000007629395,43.5,79.1899645684487
"278",112,2024-01-31 19:00:00,34,18,188591,39.0999984741211,67024,87.6999969482422,2.79999995231628,39.7000007629395,43.5,79.1899645684487
"279",112,2024-02-29 19:00:00,69,31,188591,39.0999984741211,67024,87.6999969482422,2.79999995231628,39.7000007629395,43.5,79.1899645684487
"280",112,2024-03-31 20:00:00,53,24,188591,39.0999984741211,67024,87.6999969482422,2.79999995231628,39.7000007629395,43.5,79.1899645684487
"281",112,2024-04-30 20:00:00,26,15,188591,39.0999984741211,67024,87.6999969482422,2.79999995231628,39.7000007629395,43.5,79.1899645684487
"282",112,2024-05-31 20:00:00,23,10,188591,39.0999984741211,67024,87.6999969482422,2.79999995231628,39.7000007629395,43.5,79.1899645684487
"283",112,2024-06-30 20:00:00,16,7,188591,39.0999984741211,67024,87.6999969482422,2.79999995231628,39.7000007629395,43.5,79.1899645684487
"284",112,2024-07-31 20:00:00,17,5,188591,39.0999984741211,67024,87.6999969482422,2.79999995231628,39.7000007629395,43.5,79.1899645684487
"285",112,2024-08-31 20:00:00,13,9,188591,39.0999984741211,67024,87.6999969482422,2.79999995231628,39.7000007629395,43.5,79.1899645684487
"286",112,2024-09-30 20:00:00,33,14,188591,39.0999984741211,67024,87.6999969482422,2.79999995231628,39.7000007629395,43.5,79.1899645684487
"287",112,2024-10-31 20:00:00,17,8,188591,39.0999984741211,67024,87.6999969482422,2.79999995231628,39.7000007629395,43.5,79.1899645684487
"288",112,2024-11-30 19:00:00,11,6,188591,39.0999984741211,67024,87.6999969482422,2.79999995231628,39.7000007629395,43.5,79.1899645684487
"289",201,2022-12-31 19:00:00,41,15,96910,33.0999984741211,31296,92.3000030517578,1.29999995231628,14.6000003814697,26,64.1337062904541
"290",201,2023-01-31 19:00:00,44,21,96910,33.0999984741211,31296,92.3000030517578,1.29999995231628,14.6000003814697,26,64.1337062904541
"291",201,2023-02-28 19:00:00,32,16,96910,33.0999984741211,31296,92.3000030517578,1.29999995231628,14.6000003814697,26,64.1337062904541
"292",201,2023-03-31 20:00:00,17,11,96910,33.0999984741211,31296,92.3000030517578,1.29999995231628,14.6000003814697,26,64.1337062904541
"293",201,2023-04-30 20:00:00,18,6,96910,33.0999984741211,31296,92.3000030517578,1.29999995231628,14.6000003814697,26,64.1337062904541
"294",201,2023-05-31 20:00:00,41,14,96910,33.0999984741211,31296,92.3000030517578,1.29999995231628,14.6000003814697,26,64.1337062904541
"295",201,2023-06-30 20:00:00,25,10,96910,33.0999984741211,31296,92.3000030517578,1.29999995231628,14.6000003814697,26,64.1337062904541
"296",201,2023-07-31 20:00:00,24,13,96910,33.0999984741211,31296,92.3000030517578,1.29999995231628,14.6000003814697,26,64.1337062904541
"297",201,2023-08-31 20:00:00,26,8,96910,33.0999984741211,31296,92.3000030517578,1.29999995231628,14.6000003814697,26,64.1337062904541
"298",201,2023-09-30 20:00:00,15,3,96910,33.0999984741211,31296,92.3000030517578,1.29999995231628,14.6000003814697,26,64.1337062904541
"299",201,2023-10-31 20:00:00,15,5,96910,33.0999984741211,31296,92.3000030517578,1.29999995231628,14.6000003814697,26,64.1337062904541
"300",201,2023-11-30 19:00:00,29,6,96910,33.0999984741211,31296,92.3000030517578,1.29999995231628,14.6000003814697,26,64.1337062904541
"301",201,2023-12-31 19:00:00,39,12,96910,33.0999984741211,31296,92.3000030517578,1.29999995231628,14.6000003814697,26,64.1337062904541
"302",201,2024-01-31 19:00:00,27,9,96910,33.0999984741211,31296,92.3000030517578,1.29999995231628,14.6000003814697,26,64.1337062904541
"303",201,2024-02-29 19:00:00,21,14,96910,33.0999984741211,31296,92.3000030517578,1.29999995231628,14.6000003814697,26,64.1337062904541
"304",201,2024-03-31 20:00:00,30,9,96910,33.0999984741211,31296,92.3000030517578,1.29999995231628,14.6000003814697,26,64.1337062904541
"305",201,2024-04-30 20:00:00,17,8,96910,33.0999984741211,31296,92.3000030517578,1.29999995231628,14.6000003814697,26,64.1337062904541
"306",201,2024-05-31 20:00:00,19,6,96910,33.0999984741211,31296,92.3000030517578,1.29999995231628,14.6000003814697,26,64.1337062904541
"307",201,2024-06-30 20:00:00,15,4,96910,33.0999984741211,31296,92.3000030517578,1.29999995231628,14.6000003814697,26,64.1337062904541
"308",201,2024-07-31 20:00:00,15,6,96910,33.0999984741211,31296,92.3000030517578,1.29999995231628,14.6000003814697,26,64.1337062904541
"309",201,2024-08-31 20:00:00,7,3,96910,33.0999984741211,31296,92.3000030517578,1.29999995231628,14.6000003814697,26,64.1337062904541
"310",201,2024-09-30 20:00:00,27,3,96910,33.0999984741211,31296,92.3000030517578,1.29999995231628,14.6000003814697,26,64.1337062904541
"311",201,2024-10-31 20:00:00,3,1,96910,33.0999984741211,31296,92.3000030517578,1.29999995231628,14.6000003814697,26,64.1337062904541
"312",201,2024-11-30 19:00:00,47,22,96910,33.0999984741211,31296,92.3000030517578,1.29999995231628,14.6000003814697,26,64.1337062904541
"313",202,2022-12-31 19:00:00,29,17,55126,33.5,39739,89.5,1.89999997615814,15,26.6000003814697,55.5849556856049
"314",202,2023-01-31 19:00:00,23,12,55126,33.5,39739,89.5,1.89999997615814,15,26.6000003814697,55.5849556856049
"315",202,2023-02-28 19:00:00,19,15,55126,33.5,39739,89.5,1.89999997615814,15,26.6000003814697,55.5849556856049
"316",202,2023-03-31 20:00:00,2,1,55126,33.5,39739,89.5,1.89999997615814,15,26.6000003814697,55.5849556856049
"317",202,2023-04-30 20:00:00,6,3,55126,33.5,39739,89.5,1.89999997615814,15,26.6000003814697,55.5849556856049
"318",202,2023-05-31 20:00:00,30,8,55126,33.5,39739,89.5,1.89999997615814,15,26.6000003814697,55.5849556856049
"319",202,2023-06-30 20:00:00,3,2,55126,33.5,39739,89.5,1.89999997615814,15,26.6000003814697,55.5849556856049
"320",202,2023-07-31 20:00:00,16,12,55126,33.5,39739,89.5,1.89999997615814,15,26.6000003814697,55.5849556856049
"321",202,2023-08-31 20:00:00,1,1,55126,33.5,39739,89.5,1.89999997615814,15,26.6000003814697,55.5849556856049
"322",202,2023-09-30 20:00:00,5,2,55126,33.5,39739,89.5,1.89999997615814,15,26.6000003814697,55.5849556856049
"323",202,2023-10-31 20:00:00,2,1,55126,33.5,39739,89.5,1.89999997615814,15,26.6000003814697,55.5849556856049
"324",202,2023-11-30 19:00:00,12,5,55126,33.5,39739,89.5,1.89999997615814,15,26.6000003814697,55.5849556856049
"325",202,2023-12-31 19:00:00,28,12,55126,33.5,39739,89.5,1.89999997615814,15,26.6000003814697,55.5849556856049
"326",202,2024-01-31 19:00:00,7,4,55126,33.5,39739,89.5,1.89999997615814,15,26.6000003814697,55.5849556856049
"327",202,2024-02-29 19:00:00,10,5,55126,33.5,39739,89.5,1.89999997615814,15,26.6000003814697,55.5849556856049
"328",202,2024-03-31 20:00:00,15,9,55126,33.5,39739,89.5,1.89999997615814,15,26.6000003814697,55.5849556856049
"329",202,2024-04-30 20:00:00,8,6,55126,33.5,39739,89.5,1.89999997615814,15,26.6000003814697,55.5849556856049
"330",202,2024-05-31 20:00:00,8,7,55126,33.5,39739,89.5,1.89999997615814,15,26.6000003814697,55.5849556856049
"331",202,2024-06-30 20:00:00,6,4,55126,33.5,39739,89.5,1.89999997615814,15,26.6000003814697,55.5849556856049
"332",202,2024-07-31 20:00:00,1,0,55126,33.5,39739,89.5,1.89999997615814,15,26.6000003814697,55.5849556856049
"333",202,2024-08-31 20:00:00,7,4,55126,33.5,39739,89.5,1.89999997615814,15,26.6000003814697,55.5849556856049
"334",202,2024-09-30 20:00:00,5,2,55126,33.5,39739,89.5,1.89999997615814,15,26.6000003814697,55.5849556856049
"335",202,2024-10-31 20:00:00,13,7,55126,33.5,39739,89.5,1.89999997615814,15,26.6000003814697,55.5849556856049
"336",202,2024-11-30 19:00:00,43,26,55126,33.5,39739,89.5,1.89999997615814,15,26.6000003814697,55.5849556856049
"337",203,2022-12-31 19:00:00,27,13,87924,34.0999984741211,33688,92.5999984741211,1.5,14.3999996185303,27.2999992370605,41.2144574370745
"338",203,2023-01-31 19:00:00,25,15,87924,34.0999984741211,33688,92.5999984741211,1.5,14.3999996185303,27.2999992370605,41.2144574370745
"339",203,2023-02-28 19:00:00,16,7,87924,34.0999984741211,33688,92.5999984741211,1.5,14.3999996185303,27.2999992370605,41.2144574370745
"340",203,2023-03-31 20:00:00,3,2,87924,34.0999984741211,33688,92.5999984741211,1.5,14.3999996185303,27.2999992370605,41.2144574370745
"341",203,2023-04-30 20:00:00,6,2,87924,34.0999984741211,33688,92.5999984741211,1.5,14.3999996185303,27.2999992370605,41.2144574370745
"342",203,2023-05-31 20:00:00,20,10,87924,34.0999984741211,33688,92.5999984741211,1.5,14.3999996185303,27.2999992370605,41.2144574370745
"343",203,2023-06-30 20:00:00,5,2,87924,34.0999984741211,33688,92.5999984741211,1.5,14.3999996185303,27.2999992370605,41.2144574370745
"344",203,2023-07-31 20:00:00,13,5,87924,34.0999984741211,33688,92.5999984741211,1.5,14.3999996185303,27.2999992370605,41.2144574370745
"345",203,2023-08-31 20:00:00,5,4,87924,34.0999984741211,33688,92.5999984741211,1.5,14.3999996185303,27.2999992370605,41.2144574370745
"346",203,2023-09-30 20:00:00,10,3,87924,34.0999984741211,33688,92.5999984741211,1.5,14.3999996185303,27.2999992370605,41.2144574370745
"347",203,2023-10-31 20:00:00,7,9,87924,34.0999984741211,33688,92.5999984741211,1.5,14.3999996185303,27.2999992370605,41.2144574370745
"348",203,2023-11-30 19:00:00,6,3,87924,34.0999984741211,33688,92.5999984741211,1.5,14.3999996185303,27.2999992370605,41.2144574370745
"349",203,2023-12-31 19:00:00,24,17,87924,34.0999984741211,33688,92.5999984741211,1.5,14.3999996185303,27.2999992370605,41.2144574370745
"350",203,2024-01-31 19:00:00,15,8,87924,34.0999984741211,33688,92.5999984741211,1.5,14.3999996185303,27.2999992370605,41.2144574370745
"351",203,2024-02-29 19:00:00,24,11,87924,34.0999984741211,33688,92.5999984741211,1.5,14.3999996185303,27.2999992370605,41.2144574370745
"352",203,2024-03-31 20:00:00,13,6,87924,34.0999984741211,33688,92.5999984741211,1.5,14.3999996185303,27.2999992370605,41.2144574370745
"353",203,2024-04-30 20:00:00,10,7,87924,34.0999984741211,33688,92.5999984741211,1.5,14.3999996185303,27.2999992370605,41.2144574370745
"354",203,2024-05-31 20:00:00,11,6,87924,34.0999984741211,33688,92.5999984741211,1.5,14.3999996185303,27.2999992370605,41.2144574370745
"355",203,2024-06-30 20:00:00,11,5,87924,34.0999984741211,33688,92.5999984741211,1.5,14.3999996185303,27.2999992370605,41.2144574370745
"356",203,2024-07-31 20:00:00,5,3,87924,34.0999984741211,33688,92.5999984741211,1.5,14.3999996185303,27.2999992370605,41.2144574370745
"357",203,2024-08-31 20:00:00,9,4,87924,34.0999984741211,33688,92.5999984741211,1.5,14.3999996185303,27.2999992370605,41.2144574370745
"358",203,2024-09-30 20:00:00,3,1,87924,34.0999984741211,33688,92.5999984741211,1.5,14.3999996185303,27.2999992370605,41.2144574370745
"359",203,2024-10-31 20:00:00,5,4,87924,34.0999984741211,33688,92.5999984741211,1.5,14.3999996185303,27.2999992370605,41.2144574370745
"360",203,2024-11-30 19:00:00,28,10,87924,34.0999984741211,33688,92.5999984741211,1.5,14.3999996185303,27.2999992370605,41.2144574370745
"361",204,2022-12-31 19:00:00,35,14,149631,34.5,42143,92.3000030517578,1.20000004768372,17.1000003814697,37.5,70.2131736440611
"362",204,2023-01-31 19:00:00,29,9,149631,34.5,42143,92.3000030517578,1.20000004768372,17.1000003814697,37.5,70.2131736440611
"363",204,2023-02-28 19:00:00,76,31,149631,34.5,42143,92.3000030517578,1.20000004768372,17.1000003814697,37.5,70.2131736440611
"364",204,2023-03-31 20:00:00,16,7,149631,34.5,42143,92.3000030517578,1.20000004768372,17.1000003814697,37.5,70.2131736440611
"365",204,2023-04-30 20:00:00,10,6,149631,34.5,42143,92.3000030517578,1.20000004768372,17.1000003814697,37.5,70.2131736440611
"366",204,2023-05-31 20:00:00,36,20,149631,34.5,42143,92.3000030517578,1.20000004768372,17.1000003814697,37.5,70.2131736440611
"367",204,2023-06-30 20:00:00,12,7,149631,34.5,42143,92.3000030517578,1.20000004768372,17.1000003814697,37.5,70.2131736440611
"368",204,2023-07-31 20:00:00,13,6,149631,34.5,42143,92.3000030517578,1.20000004768372,17.1000003814697,37.5,70.2131736440611
"369",204,2023-08-31 20:00:00,18,2,149631,34.5,42143,92.3000030517578,1.20000004768372,17.1000003814697,37.5,70.2131736440611
"370",204,2023-09-30 20:00:00,14,4,149631,34.5,42143,92.3000030517578,1.20000004768372,17.1000003814697,37.5,70.2131736440611
"371",204,2023-10-31 20:00:00,18,7,149631,34.5,42143,92.3000030517578,1.20000004768372,17.1000003814697,37.5,70.2131736440611
"372",204,2023-11-30 19:00:00,15,5,149631,34.5,42143,92.3000030517578,1.20000004768372,17.1000003814697,37.5,70.2131736440611
"373",204,2023-12-31 19:00:00,43,17,149631,34.5,42143,92.3000030517578,1.20000004768372,17.1000003814697,37.5,70.2131736440611
"374",204,2024-01-31 19:00:00,25,12,149631,34.5,42143,92.3000030517578,1.20000004768372,17.1000003814697,37.5,70.2131736440611
"375",204,2024-02-29 19:00:00,17,7,149631,34.5,42143,92.3000030517578,1.20000004768372,17.1000003814697,37.5,70.2131736440611
"376",204,2024-03-31 20:00:00,27,6,149631,34.5,42143,92.3000030517578,1.20000004768372,17.1000003814697,37.5,70.2131736440611
"377",204,2024-04-30 20:00:00,13,5,149631,34.5,42143,92.3000030517578,1.20000004768372,17.1000003814697,37.5,70.2131736440611
"378",204,2024-05-31 20:00:00,29,6,149631,34.5,42143,92.3000030517578,1.20000004768372,17.1000003814697,37.5,70.2131736440611
"379",204,2024-06-30 20:00:00,31,13,149631,34.5,42143,92.3000030517578,1.20000004768372,17.1000003814697,37.5,70.2131736440611
"380",204,2024-07-31 20:00:00,27,6,149631,34.5,42143,92.3000030517578,1.20000004768372,17.1000003814697,37.5,70.2131736440611
"381",204,2024-08-31 20:00:00,40,15,149631,34.5,42143,92.3000030517578,1.20000004768372,17.1000003814697,37.5,70.2131736440611
"382",204,2024-09-30 20:00:00,20,7,149631,34.5,42143,92.3000030517578,1.20000004768372,17.1000003814697,37.5,70.2131736440611
"383",204,2024-10-31 20:00:00,42,25,149631,34.5,42143,92.3000030517578,1.20000004768372,17.1000003814697,37.5,70.2131736440611
"384",204,2024-11-30 19:00:00,42,15,149631,34.5,42143,92.3000030517578,1.20000004768372,17.1000003814697,37.5,70.2131736440611
"385",205,2022-12-31 19:00:00,15,6,133897,33.5,39638,95.6999969482422,1.20000004768372,14.1999998092651,44.9000015258789,46.0911808154861
"386",205,2023-01-31 19:00:00,17,7,133897,33.5,39638,95.6999969482422,1.20000004768372,14.1999998092651,44.9000015258789,46.0911808154861
"387",205,2023-02-28 19:00:00,31,8,133897,33.5,39638,95.6999969482422,1.20000004768372,14.1999998092651,44.9000015258789,46.0911808154861
"388",205,2023-03-31 20:00:00,6,7,133897,33.5,39638,95.6999969482422,1.20000004768372,14.1999998092651,44.9000015258789,46.0911808154861
"389",205,2023-04-30 20:00:00,22,11,133897,33.5,39638,95.6999969482422,1.20000004768372,14.1999998092651,44.9000015258789,46.0911808154861
"390",205,2023-05-31 20:00:00,43,22,133897,33.5,39638,95.6999969482422,1.20000004768372,14.1999998092651,44.9000015258789,46.0911808154861
"391",205,2023-06-30 20:00:00,12,3,133897,33.5,39638,95.6999969482422,1.20000004768372,14.1999998092651,44.9000015258789,46.0911808154861
"392",205,2023-07-31 20:00:00,11,2,133897,33.5,39638,95.6999969482422,1.20000004768372,14.1999998092651,44.9000015258789,46.0911808154861
"393",205,2023-08-31 20:00:00,16,6,133897,33.5,39638,95.6999969482422,1.20000004768372,14.1999998092651,44.9000015258789,46.0911808154861
"394",205,2023-09-30 20:00:00,3,1,133897,33.5,39638,95.6999969482422,1.20000004768372,14.1999998092651,44.9000015258789,46.0911808154861
"395",205,2023-10-31 20:00:00,4,3,133897,33.5,39638,95.6999969482422,1.20000004768372,14.1999998092651,44.9000015258789,46.0911808154861
"396",205,2023-11-30 19:00:00,29,14,133897,33.5,39638,95.6999969482422,1.20000004768372,14.1999998092651,44.9000015258789,46.0911808154861
"397",205,2023-12-31 19:00:00,18,10,133897,33.5,39638,95.6999969482422,1.20000004768372,14.1999998092651,44.9000015258789,46.0911808154861
"398",205,2024-01-31 19:00:00,9,6,133897,33.5,39638,95.6999969482422,1.20000004768372,14.1999998092651,44.9000015258789,46.0911808154861
"399",205,2024-02-29 19:00:00,18,13,133897,33.5,39638,95.6999969482422,1.20000004768372,14.1999998092651,44.9000015258789,46.0911808154861
"400",205,2024-03-31 20:00:00,15,12,133897,33.5,39638,95.6999969482422,1.20000004768372,14.1999998092651,44.9000015258789,46.0911808154861
"401",205,2024-04-30 20:00:00,14,7,133897,33.5,39638,95.6999969482422,1.20000004768372,14.1999998092651,44.9000015258789,46.0911808154861
"402",205,2024-05-31 20:00:00,21,7,133897,33.5,39638,95.6999969482422,1.20000004768372,14.1999998092651,44.9000015258789,46.0911808154861
"403",205,2024-06-30 20:00:00,6,2,133897,33.5,39638,95.6999969482422,1.20000004768372,14.1999998092651,44.9000015258789,46.0911808154861
"404",205,2024-07-31 20:00:00,16,6,133897,33.5,39638,95.6999969482422,1.20000004768372,14.1999998092651,44.9000015258789,46.0911808154861
"405",205,2024-08-31 20:00:00,12,5,133897,33.5,39638,95.6999969482422,1.20000004768372,14.1999998092651,44.9000015258789,46.0911808154861
"406",205,2024-09-30 20:00:00,4,3,133897,33.5,39638,95.6999969482422,1.20000004768372,14.1999998092651,44.9000015258789,46.0911808154861
"407",205,2024-10-31 20:00:00,15,7,133897,33.5,39638,95.6999969482422,1.20000004768372,14.1999998092651,44.9000015258789,46.0911808154861
"408",205,2024-11-30 19:00:00,6,6,133897,33.5,39638,95.6999969482422,1.20000004768372,14.1999998092651,44.9000015258789,46.0911808154861
"409",206,2022-12-31 19:00:00,24,7,87093,30.5,33090,94,2.79999995231628,14.1000003814697,31.8999996185303,48.1497830125051
"410",206,2023-01-31 19:00:00,19,11,87093,30.5,33090,94,2.79999995231628,14.1000003814697,31.8999996185303,48.1497830125051
"411",206,2023-02-28 19:00:00,15,7,87093,30.5,33090,94,2.79999995231628,14.1000003814697,31.8999996185303,48.1497830125051
"412",206,2023-03-31 20:00:00,6,2,87093,30.5,33090,94,2.79999995231628,14.1000003814697,31.8999996185303,48.1497830125051
"413",206,2023-04-30 20:00:00,12,6,87093,30.5,33090,94,2.79999995231628,14.1000003814697,31.8999996185303,48.1497830125051
"414",206,2023-05-31 20:00:00,43,11,87093,30.5,33090,94,2.79999995231628,14.1000003814697,31.8999996185303,48.1497830125051
"415",206,2023-06-30 20:00:00,15,6,87093,30.5,33090,94,2.79999995231628,14.1000003814697,31.8999996185303,48.1497830125051
"416",206,2023-07-31 20:00:00,12,7,87093,30.5,33090,94,2.79999995231628,14.1000003814697,31.8999996185303,48.1497830125051
"417",206,2023-08-31 20:00:00,15,6,87093,30.5,33090,94,2.79999995231628,14.1000003814697,31.8999996185303,48.1497830125051
"418",206,2023-09-30 20:00:00,6,4,87093,30.5,33090,94,2.79999995231628,14.1000003814697,31.8999996185303,48.1497830125051
"419",206,2023-10-31 20:00:00,12,4,87093,30.5,33090,94,2.79999995231628,14.1000003814697,31.8999996185303,48.1497830125051
"420",206,2023-11-30 19:00:00,33,13,87093,30.5,33090,94,2.79999995231628,14.1000003814697,31.8999996185303,48.1497830125051
"421",206,2023-12-31 19:00:00,28,9,87093,30.5,33090,94,2.79999995231628,14.1000003814697,31.8999996185303,48.1497830125051
"422",206,2024-01-31 19:00:00,19,8,87093,30.5,33090,94,2.79999995231628,14.1000003814697,31.8999996185303,48.1497830125051
"423",206,2024-02-29 19:00:00,23,5,87093,30.5,33090,94,2.79999995231628,14.1000003814697,31.8999996185303,48.1497830125051
"424",206,2024-03-31 20:00:00,18,5,87093,30.5,33090,94,2.79999995231628,14.1000003814697,31.8999996185303,48.1497830125051
"425",206,2024-04-30 20:00:00,11,3,87093,30.5,33090,94,2.79999995231628,14.1000003814697,31.8999996185303,48.1497830125051
"426",206,2024-05-31 20:00:00,26,16,87093,30.5,33090,94,2.79999995231628,14.1000003814697,31.8999996185303,48.1497830125051
"427",206,2024-06-30 20:00:00,9,3,87093,30.5,33090,94,2.79999995231628,14.1000003814697,31.8999996185303,48.1497830125051
"428",206,2024-07-31 20:00:00,14,4,87093,30.5,33090,94,2.79999995231628,14.1000003814697,31.8999996185303,48.1497830125051
"429",206,2024-08-31 20:00:00,11,3,87093,30.5,33090,94,2.79999995231628,14.1000003814697,31.8999996185303,48.1497830125051
"430",206,2024-09-30 20:00:00,3,3,87093,30.5,33090,94,2.79999995231628,14.1000003814697,31.8999996185303,48.1497830125051
"431",206,2024-10-31 20:00:00,8,4,87093,30.5,33090,94,2.79999995231628,14.1000003814697,31.8999996185303,48.1497830125051
"432",206,2024-11-30 19:00:00,25,13,87093,30.5,33090,94,2.79999995231628,14.1000003814697,31.8999996185303,48.1497830125051
"433",207,2022-12-31 19:00:00,38,17,136125,35.2000007629395,46185,92.6999969482422,2.79999995231628,18.7999992370605,44,52.4487058039013
"434",207,2023-01-31 19:00:00,31,11,136125,35.2000007629395,46185,92.6999969482422,2.79999995231628,18.7999992370605,44,52.4487058039013
"435",207,2023-02-28 19:00:00,34,12,136125,35.2000007629395,46185,92.6999969482422,2.79999995231628,18.7999992370605,44,52.4487058039013
"436",207,2023-03-31 20:00:00,34,11,136125,35.2000007629395,46185,92.6999969482422,2.79999995231628,18.7999992370605,44,52.4487058039013
"437",207,2023-04-30 20:00:00,11,6,136125,35.2000007629395,46185,92.6999969482422,2.79999995231628,18.7999992370605,44,52.4487058039013
"438",207,2023-05-31 20:00:00,51,25,136125,35.2000007629395,46185,92.6999969482422,2.79999995231628,18.7999992370605,44,52.4487058039013
"439",207,2023-06-30 20:00:00,10,7,136125,35.2000007629395,46185,92.6999969482422,2.79999995231628,18.7999992370605,44,52.4487058039013
"440",207,2023-07-31 20:00:00,12,3,136125,35.2000007629395,46185,92.6999969482422,2.79999995231628,18.7999992370605,44,52.4487058039013
"441",207,2023-08-31 20:00:00,9,6,136125,35.2000007629395,46185,92.6999969482422,2.79999995231628,18.7999992370605,44,52.4487058039013
"442",207,2023-09-30 20:00:00,11,6,136125,35.2000007629395,46185,92.6999969482422,2.79999995231628,18.7999992370605,44,52.4487058039013
"443",207,2023-10-31 20:00:00,11,3,136125,35.2000007629395,46185,92.6999969482422,2.79999995231628,18.7999992370605,44,52.4487058039013
"444",207,2023-11-30 19:00:00,24,10,136125,35.2000007629395,46185,92.6999969482422,2.79999995231628,18.7999992370605,44,52.4487058039013
"445",207,2023-12-31 19:00:00,22,9,136125,35.2000007629395,46185,92.6999969482422,2.79999995231628,18.7999992370605,44,52.4487058039013
"446",207,2024-01-31 19:00:00,28,8,136125,35.2000007629395,46185,92.6999969482422,2.79999995231628,18.7999992370605,44,52.4487058039013
"447",207,2024-02-29 19:00:00,34,14,136125,35.2000007629395,46185,92.6999969482422,2.79999995231628,18.7999992370605,44,52.4487058039013
"448",207,2024-03-31 20:00:00,38,17,136125,35.2000007629395,46185,92.6999969482422,2.79999995231628,18.7999992370605,44,52.4487058039013
"449",207,2024-04-30 20:00:00,28,8,136125,35.2000007629395,46185,92.6999969482422,2.79999995231628,18.7999992370605,44,52.4487058039013
"450",207,2024-05-31 20:00:00,32,11,136125,35.2000007629395,46185,92.6999969482422,2.79999995231628,18.7999992370605,44,52.4487058039013
"451",207,2024-06-30 20:00:00,20,5,136125,35.2000007629395,46185,92.6999969482422,2.79999995231628,18.7999992370605,44,52.4487058039013
"452",207,2024-07-31 20:00:00,33,18,136125,35.2000007629395,46185,92.6999969482422,2.79999995231628,18.7999992370605,44,52.4487058039013
"453",207,2024-08-31 20:00:00,14,6,136125,35.2000007629395,46185,92.6999969482422,2.79999995231628,18.7999992370605,44,52.4487058039013
"454",207,2024-09-30 20:00:00,2,1,136125,35.2000007629395,46185,92.6999969482422,2.79999995231628,18.7999992370605,44,52.4487058039013
"455",207,2024-10-31 20:00:00,20,5,136125,35.2000007629395,46185,92.6999969482422,2.79999995231628,18.7999992370605,44,52.4487058039013
"456",207,2024-11-30 19:00:00,47,20,136125,35.2000007629395,46185,92.6999969482422,2.79999995231628,18.7999992370605,44,52.4487058039013
"457",208,2022-12-31 19:00:00,92,45,105777,40.9000015258789,75226,63.0999984741211,1.20000004768372,44.2000007629395,30.3999996185303,80.4819795093169
"458",208,2023-01-31 19:00:00,90,43,105777,40.9000015258789,75226,63.0999984741211,1.20000004768372,44.2000007629395,30.3999996185303,80.4819795093169
"459",208,2023-02-28 19:00:00,69,34,105777,40.9000015258789,75226,63.0999984741211,1.20000004768372,44.2000007629395,30.3999996185303,80.4819795093169
"460",208,2023-03-31 20:00:00,26,18,105777,40.9000015258789,75226,63.0999984741211,1.20000004768372,44.2000007629395,30.3999996185303,80.4819795093169
"461",208,2023-04-30 20:00:00,38,11,105777,40.9000015258789,75226,63.0999984741211,1.20000004768372,44.2000007629395,30.3999996185303,80.4819795093169
"462",208,2023-05-31 20:00:00,88,31,105777,40.9000015258789,75226,63.0999984741211,1.20000004768372,44.2000007629395,30.3999996185303,80.4819795093169
"463",208,2023-06-30 20:00:00,31,16,105777,40.9000015258789,75226,63.0999984741211,1.20000004768372,44.2000007629395,30.3999996185303,80.4819795093169
"464",208,2023-07-31 20:00:00,31,20,105777,40.9000015258789,75226,63.0999984741211,1.20000004768372,44.2000007629395,30.3999996185303,80.4819795093169
"465",208,2023-08-31 20:00:00,29,8,105777,40.9000015258789,75226,63.0999984741211,1.20000004768372,44.2000007629395,30.3999996185303,80.4819795093169
"466",208,2023-09-30 20:00:00,36,18,105777,40.9000015258789,75226,63.0999984741211,1.20000004768372,44.2000007629395,30.3999996185303,80.4819795093169
"467",208,2023-10-31 20:00:00,19,10,105777,40.9000015258789,75226,63.0999984741211,1.20000004768372,44.2000007629395,30.3999996185303,80.4819795093169
"468",208,2023-11-30 19:00:00,49,28,105777,40.9000015258789,75226,63.0999984741211,1.20000004768372,44.2000007629395,30.3999996185303,80.4819795093169
"469",208,2023-12-31 19:00:00,89,47,105777,40.9000015258789,75226,63.0999984741211,1.20000004768372,44.2000007629395,30.3999996185303,80.4819795093169
"470",208,2024-01-31 19:00:00,77,37,105777,40.9000015258789,75226,63.0999984741211,1.20000004768372,44.2000007629395,30.3999996185303,80.4819795093169
"471",208,2024-02-29 19:00:00,65,30,105777,40.9000015258789,75226,63.0999984741211,1.20000004768372,44.2000007629395,30.3999996185303,80.4819795093169
"472",208,2024-03-31 20:00:00,82,44,105777,40.9000015258789,75226,63.0999984741211,1.20000004768372,44.2000007629395,30.3999996185303,80.4819795093169
"473",208,2024-04-30 20:00:00,47,18,105777,40.9000015258789,75226,63.0999984741211,1.20000004768372,44.2000007629395,30.3999996185303,80.4819795093169
"474",208,2024-05-31 20:00:00,74,40,105777,40.9000015258789,75226,63.0999984741211,1.20000004768372,44.2000007629395,30.3999996185303,80.4819795093169
"475",208,2024-06-30 20:00:00,19,10,105777,40.9000015258789,75226,63.0999984741211,1.20000004768372,44.2000007629395,30.3999996185303,80.4819795093169
"476",208,2024-07-31 20:00:00,50,17,105777,40.9000015258789,75226,63.0999984741211,1.20000004768372,44.2000007629395,30.3999996185303,80.4819795093169
"477",208,2024-08-31 20:00:00,29,8,105777,40.9000015258789,75226,63.0999984741211,1.20000004768372,44.2000007629395,30.3999996185303,80.4819795093169
"478",208,2024-09-30 20:00:00,36,15,105777,40.9000015258789,75226,63.0999984741211,1.20000004768372,44.2000007629395,30.3999996185303,80.4819795093169
"479",208,2024-10-31 20:00:00,34,23,105777,40.9000015258789,75226,63.0999984741211,1.20000004768372,44.2000007629395,30.3999996185303,80.4819795093169
"480",208,2024-11-30 19:00:00,86,42,105777,40.9000015258789,75226,63.0999984741211,1.20000004768372,44.2000007629395,30.3999996185303,80.4819795093169
"481",209,2022-12-31 19:00:00,34,13,170654,35.5,50178,77.6999969482422,3.20000004768372,20.2000007629395,33,110.178538429311
"482",209,2023-01-31 19:00:00,33,16,170654,35.5,50178,77.6999969482422,3.20000004768372,20.2000007629395,33,110.178538429311
"483",209,2023-02-28 19:00:00,39,17,170654,35.5,50178,77.6999969482422,3.20000004768372,20.2000007629395,33,110.178538429311
"484",209,2023-03-31 20:00:00,18,14,170654,35.5,50178,77.6999969482422,3.20000004768372,20.2000007629395,33,110.178538429311
"485",209,2023-04-30 20:00:00,19,13,170654,35.5,50178,77.6999969482422,3.20000004768372,20.2000007629395,33,110.178538429311
"486",209,2023-05-31 20:00:00,66,22,170654,35.5,50178,77.6999969482422,3.20000004768372,20.2000007629395,33,110.178538429311
"487",209,2023-06-30 20:00:00,17,11,170654,35.5,50178,77.6999969482422,3.20000004768372,20.2000007629395,33,110.178538429311
"488",209,2023-07-31 20:00:00,26,21,170654,35.5,50178,77.6999969482422,3.20000004768372,20.2000007629395,33,110.178538429311
"489",209,2023-08-31 20:00:00,11,4,170654,35.5,50178,77.6999969482422,3.20000004768372,20.2000007629395,33,110.178538429311
"490",209,2023-09-30 20:00:00,23,6,170654,35.5,50178,77.6999969482422,3.20000004768372,20.2000007629395,33,110.178538429311
"491",209,2023-10-31 20:00:00,22,9,170654,35.5,50178,77.6999969482422,3.20000004768372,20.2000007629395,33,110.178538429311
"492",209,2023-11-30 19:00:00,26,10,170654,35.5,50178,77.6999969482422,3.20000004768372,20.2000007629395,33,110.178538429311
"493",209,2023-12-31 19:00:00,23,10,170654,35.5,50178,77.6999969482422,3.20000004768372,20.2000007629395,33,110.178538429311
"494",209,2024-01-31 19:00:00,57,31,170654,35.5,50178,77.6999969482422,3.20000004768372,20.2000007629395,33,110.178538429311
"495",209,2024-02-29 19:00:00,45,26,170654,35.5,50178,77.6999969482422,3.20000004768372,20.2000007629395,33,110.178538429311
"496",209,2024-03-31 20:00:00,50,26,170654,35.5,50178,77.6999969482422,3.20000004768372,20.2000007629395,33,110.178538429311
"497",209,2024-04-30 20:00:00,35,15,170654,35.5,50178,77.6999969482422,3.20000004768372,20.2000007629395,33,110.178538429311
"498",209,2024-05-31 20:00:00,38,19,170654,35.5,50178,77.6999969482422,3.20000004768372,20.2000007629395,33,110.178538429311
"499",209,2024-06-30 20:00:00,19,10,170654,35.5,50178,77.6999969482422,3.20000004768372,20.2000007629395,33,110.178538429311
"500",209,2024-07-31 20:00:00,9,5,170654,35.5,50178,77.6999969482422,3.20000004768372,20.2000007629395,33,110.178538429311
"501",209,2024-08-31 20:00:00,17,6,170654,35.5,50178,77.6999969482422,3.20000004768372,20.2000007629395,33,110.178538429311
"502",209,2024-09-30 20:00:00,14,7,170654,35.5,50178,77.6999969482422,3.20000004768372,20.2000007629395,33,110.178538429311
"503",209,2024-10-31 20:00:00,23,9,170654,35.5,50178,77.6999969482422,3.20000004768372,20.2000007629395,33,110.178538429311
"504",209,2024-11-30 19:00:00,73,34,170654,35.5,50178,77.6999969482422,3.20000004768372,20.2000007629395,33,110.178538429311
"505",210,2022-12-31 19:00:00,58,32,128362,40.5,70292,55.0999984741211,1.70000004768372,28.1000003814697,25.2999992370605,160.033791720969
"506",210,2023-01-31 19:00:00,83,35,128362,40.5,70292,55.0999984741211,1.70000004768372,28.1000003814697,25.2999992370605,160.033791720969
"507",210,2023-02-28 19:00:00,101,47,128362,40.5,70292,55.0999984741211,1.70000004768372,28.1000003814697,25.2999992370605,160.033791720969
"508",210,2023-03-31 20:00:00,38,19,128362,40.5,70292,55.0999984741211,1.70000004768372,28.1000003814697,25.2999992370605,160.033791720969
"509",210,2023-04-30 20:00:00,45,23,128362,40.5,70292,55.0999984741211,1.70000004768372,28.1000003814697,25.2999992370605,160.033791720969
"510",210,2023-05-31 20:00:00,89,49,128362,40.5,70292,55.0999984741211,1.70000004768372,28.1000003814697,25.2999992370605,160.033791720969
"511",210,2023-06-30 20:00:00,12,9,128362,40.5,70292,55.0999984741211,1.70000004768372,28.1000003814697,25.2999992370605,160.033791720969
"512",210,2023-07-31 20:00:00,14,11,128362,40.5,70292,55.0999984741211,1.70000004768372,28.1000003814697,25.2999992370605,160.033791720969
"513",210,2023-08-31 20:00:00,24,15,128362,40.5,70292,55.0999984741211,1.70000004768372,28.1000003814697,25.2999992370605,160.033791720969
"514",210,2023-09-30 20:00:00,25,13,128362,40.5,70292,55.0999984741211,1.70000004768372,28.1000003814697,25.2999992370605,160.033791720969
"515",210,2023-10-31 20:00:00,24,15,128362,40.5,70292,55.0999984741211,1.70000004768372,28.1000003814697,25.2999992370605,160.033791720969
"516",210,2023-11-30 19:00:00,46,23,128362,40.5,70292,55.0999984741211,1.70000004768372,28.1000003814697,25.2999992370605,160.033791720969
"517",210,2023-12-31 19:00:00,57,27,128362,40.5,70292,55.0999984741211,1.70000004768372,28.1000003814697,25.2999992370605,160.033791720969
"518",210,2024-01-31 19:00:00,38,21,128362,40.5,70292,55.0999984741211,1.70000004768372,28.1000003814697,25.2999992370605,160.033791720969
"519",210,2024-02-29 19:00:00,60,37,128362,40.5,70292,55.0999984741211,1.70000004768372,28.1000003814697,25.2999992370605,160.033791720969
"520",210,2024-03-31 20:00:00,80,53,128362,40.5,70292,55.0999984741211,1.70000004768372,28.1000003814697,25.2999992370605,160.033791720969
"521",210,2024-04-30 20:00:00,77,47,128362,40.5,70292,55.0999984741211,1.70000004768372,28.1000003814697,25.2999992370605,160.033791720969
"522",210,2024-05-31 20:00:00,75,36,128362,40.5,70292,55.0999984741211,1.70000004768372,28.1000003814697,25.2999992370605,160.033791720969
"523",210,2024-06-30 20:00:00,41,24,128362,40.5,70292,55.0999984741211,1.70000004768372,28.1000003814697,25.2999992370605,160.033791720969
"524",210,2024-07-31 20:00:00,35,14,128362,40.5,70292,55.0999984741211,1.70000004768372,28.1000003814697,25.2999992370605,160.033791720969
"525",210,2024-08-31 20:00:00,40,19,128362,40.5,70292,55.0999984741211,1.70000004768372,28.1000003814697,25.2999992370605,160.033791720969
"526",210,2024-09-30 20:00:00,24,10,128362,40.5,70292,55.0999984741211,1.70000004768372,28.1000003814697,25.2999992370605,160.033791720969
"527",210,2024-10-31 20:00:00,16,10,128362,40.5,70292,55.0999984741211,1.70000004768372,28.1000003814697,25.2999992370605,160.033791720969
"528",210,2024-11-30 19:00:00,60,25,128362,40.5,70292,55.0999984741211,1.70000004768372,28.1000003814697,25.2999992370605,160.033791720969
"529",211,2022-12-31 19:00:00,26,13,113982,38.2999992370605,65063,69.8000030517578,3.70000004768372,27.8999996185303,32.9000015258789,95.150425749879
"530",211,2023-01-31 19:00:00,53,35,113982,38.2999992370605,65063,69.8000030517578,3.70000004768372,27.8999996185303,32.9000015258789,95.150425749879
"531",211,2023-02-28 19:00:00,27,14,113982,38.2999992370605,65063,69.8000030517578,3.70000004768372,27.8999996185303,32.9000015258789,95.150425749879
"532",211,2023-03-31 20:00:00,25,17,113982,38.2999992370605,65063,69.8000030517578,3.70000004768372,27.8999996185303,32.9000015258789,95.150425749879
"533",211,2023-04-30 20:00:00,41,13,113982,38.2999992370605,65063,69.8000030517578,3.70000004768372,27.8999996185303,32.9000015258789,95.150425749879
"534",211,2023-05-31 20:00:00,66,32,113982,38.2999992370605,65063,69.8000030517578,3.70000004768372,27.8999996185303,32.9000015258789,95.150425749879
"535",211,2023-06-30 20:00:00,28,9,113982,38.2999992370605,65063,69.8000030517578,3.70000004768372,27.8999996185303,32.9000015258789,95.150425749879
"536",211,2023-07-31 20:00:00,16,8,113982,38.2999992370605,65063,69.8000030517578,3.70000004768372,27.8999996185303,32.9000015258789,95.150425749879
"537",211,2023-08-31 20:00:00,23,12,113982,38.2999992370605,65063,69.8000030517578,3.70000004768372,27.8999996185303,32.9000015258789,95.150425749879
"538",211,2023-09-30 20:00:00,21,6,113982,38.2999992370605,65063,69.8000030517578,3.70000004768372,27.8999996185303,32.9000015258789,95.150425749879
"539",211,2023-10-31 20:00:00,8,4,113982,38.2999992370605,65063,69.8000030517578,3.70000004768372,27.8999996185303,32.9000015258789,95.150425749879
"540",211,2023-11-30 19:00:00,31,18,113982,38.2999992370605,65063,69.8000030517578,3.70000004768372,27.8999996185303,32.9000015258789,95.150425749879
"541",211,2023-12-31 19:00:00,64,32,113982,38.2999992370605,65063,69.8000030517578,3.70000004768372,27.8999996185303,32.9000015258789,95.150425749879
"542",211,2024-01-31 19:00:00,34,21,113982,38.2999992370605,65063,69.8000030517578,3.70000004768372,27.8999996185303,32.9000015258789,95.150425749879
"543",211,2024-02-29 19:00:00,45,20,113982,38.2999992370605,65063,69.8000030517578,3.70000004768372,27.8999996185303,32.9000015258789,95.150425749879
"544",211,2024-03-31 20:00:00,36,19,113982,38.2999992370605,65063,69.8000030517578,3.70000004768372,27.8999996185303,32.9000015258789,95.150425749879
"545",211,2024-04-30 20:00:00,46,20,113982,38.2999992370605,65063,69.8000030517578,3.70000004768372,27.8999996185303,32.9000015258789,95.150425749879
"546",211,2024-05-31 20:00:00,41,22,113982,38.2999992370605,65063,69.8000030517578,3.70000004768372,27.8999996185303,32.9000015258789,95.150425749879
"547",211,2024-06-30 20:00:00,26,15,113982,38.2999992370605,65063,69.8000030517578,3.70000004768372,27.8999996185303,32.9000015258789,95.150425749879
"548",211,2024-07-31 20:00:00,19,9,113982,38.2999992370605,65063,69.8000030517578,3.70000004768372,27.8999996185303,32.9000015258789,95.150425749879
"549",211,2024-08-31 20:00:00,15,5,113982,38.2999992370605,65063,69.8000030517578,3.70000004768372,27.8999996185303,32.9000015258789,95.150425749879
"550",211,2024-09-30 20:00:00,17,7,113982,38.2999992370605,65063,69.8000030517578,3.70000004768372,27.8999996185303,32.9000015258789,95.150425749879
"551",211,2024-10-31 20:00:00,15,7,113982,38.2999992370605,65063,69.8000030517578,3.70000004768372,27.8999996185303,32.9000015258789,95.150425749879
"552",211,2024-11-30 19:00:00,54,30,113982,38.2999992370605,65063,69.8000030517578,3.70000004768372,27.8999996185303,32.9000015258789,95.150425749879
"553",212,2022-12-31 19:00:00,73,28,160621,37.4000015258789,66304,60.5999984741211,2.40000009536743,27.2000007629395,38.5999984741211,135.520036106617
"554",212,2023-01-31 19:00:00,72,28,160621,37.4000015258789,66304,60.5999984741211,2.40000009536743,27.2000007629395,38.5999984741211,135.520036106617
"555",212,2023-02-28 19:00:00,58,33,160621,37.4000015258789,66304,60.5999984741211,2.40000009536743,27.2000007629395,38.5999984741211,135.520036106617
"556",212,2023-03-31 20:00:00,30,12,160621,37.4000015258789,66304,60.5999984741211,2.40000009536743,27.2000007629395,38.5999984741211,135.520036106617
"557",212,2023-04-30 20:00:00,39,20,160621,37.4000015258789,66304,60.5999984741211,2.40000009536743,27.2000007629395,38.5999984741211,135.520036106617
"558",212,2023-05-31 20:00:00,74,31,160621,37.4000015258789,66304,60.5999984741211,2.40000009536743,27.2000007629395,38.5999984741211,135.520036106617
"559",212,2023-06-30 20:00:00,40,20,160621,37.4000015258789,66304,60.5999984741211,2.40000009536743,27.2000007629395,38.5999984741211,135.520036106617
"560",212,2023-07-31 20:00:00,16,12,160621,37.4000015258789,66304,60.5999984741211,2.40000009536743,27.2000007629395,38.5999984741211,135.520036106617
"561",212,2023-08-31 20:00:00,58,20,160621,37.4000015258789,66304,60.5999984741211,2.40000009536743,27.2000007629395,38.5999984741211,135.520036106617
"562",212,2023-09-30 20:00:00,21,12,160621,37.4000015258789,66304,60.5999984741211,2.40000009536743,27.2000007629395,38.5999984741211,135.520036106617
"563",212,2023-10-31 20:00:00,13,7,160621,37.4000015258789,66304,60.5999984741211,2.40000009536743,27.2000007629395,38.5999984741211,135.520036106617
"564",212,2023-11-30 19:00:00,70,27,160621,37.4000015258789,66304,60.5999984741211,2.40000009536743,27.2000007629395,38.5999984741211,135.520036106617
"565",212,2023-12-31 19:00:00,39,18,160621,37.4000015258789,66304,60.5999984741211,2.40000009536743,27.2000007629395,38.5999984741211,135.520036106617
"566",212,2024-01-31 19:00:00,50,22,160621,37.4000015258789,66304,60.5999984741211,2.40000009536743,27.2000007629395,38.5999984741211,135.520036106617
"567",212,2024-02-29 19:00:00,55,39,160621,37.4000015258789,66304,60.5999984741211,2.40000009536743,27.2000007629395,38.5999984741211,135.520036106617
"568",212,2024-03-31 20:00:00,40,15,160621,37.4000015258789,66304,60.5999984741211,2.40000009536743,27.2000007629395,38.5999984741211,135.520036106617
"569",212,2024-04-30 20:00:00,43,22,160621,37.4000015258789,66304,60.5999984741211,2.40000009536743,27.2000007629395,38.5999984741211,135.520036106617
"570",212,2024-05-31 20:00:00,46,23,160621,37.4000015258789,66304,60.5999984741211,2.40000009536743,27.2000007629395,38.5999984741211,135.520036106617
"571",212,2024-06-30 20:00:00,30,12,160621,37.4000015258789,66304,60.5999984741211,2.40000009536743,27.2000007629395,38.5999984741211,135.520036106617
"572",212,2024-07-31 20:00:00,18,11,160621,37.4000015258789,66304,60.5999984741211,2.40000009536743,27.2000007629395,38.5999984741211,135.520036106617
"573",212,2024-08-31 20:00:00,15,6,160621,37.4000015258789,66304,60.5999984741211,2.40000009536743,27.2000007629395,38.5999984741211,135.520036106617
"574",212,2024-09-30 20:00:00,28,16,160621,37.4000015258789,66304,60.5999984741211,2.40000009536743,27.2000007629395,38.5999984741211,135.520036106617
"575",212,2024-10-31 20:00:00,29,15,160621,37.4000015258789,66304,60.5999984741211,2.40000009536743,27.2000007629395,38.5999984741211,135.520036106617
"576",212,2024-11-30 19:00:00,88,39,160621,37.4000015258789,66304,60.5999984741211,2.40000009536743,27.2000007629395,38.5999984741211,135.520036106617
"577",301,2022-12-31 19:00:00,94,57,203002,31.8999996185303,102807,84.0999984741211,2,54.0999984741211,21.5,137.350183274821
"578",301,2023-01-31 19:00:00,135,86,203002,31.8999996185303,102807,84.0999984741211,2,54.0999984741211,21.5,137.350183274821
"579",301,2023-02-28 19:00:00,97,62,203002,31.8999996185303,102807,84.0999984741211,2,54.0999984741211,21.5,137.350183274821
"580",301,2023-03-31 20:00:00,53,32,203002,31.8999996185303,102807,84.0999984741211,2,54.0999984741211,21.5,137.350183274821
"581",301,2023-04-30 20:00:00,70,46,203002,31.8999996185303,102807,84.0999984741211,2,54.0999984741211,21.5,137.350183274821
"582",301,2023-05-31 20:00:00,91,56,203002,31.8999996185303,102807,84.0999984741211,2,54.0999984741211,21.5,137.350183274821
"583",301,2023-06-30 20:00:00,70,52,203002,31.8999996185303,102807,84.0999984741211,2,54.0999984741211,21.5,137.350183274821
"584",301,2023-07-31 20:00:00,75,50,203002,31.8999996185303,102807,84.0999984741211,2,54.0999984741211,21.5,137.350183274821
"585",301,2023-08-31 20:00:00,57,38,203002,31.8999996185303,102807,84.0999984741211,2,54.0999984741211,21.5,137.350183274821
"586",301,2023-09-30 20:00:00,44,22,203002,31.8999996185303,102807,84.0999984741211,2,54.0999984741211,21.5,137.350183274821
"587",301,2023-10-31 20:00:00,67,28,203002,31.8999996185303,102807,84.0999984741211,2,54.0999984741211,21.5,137.350183274821
"588",301,2023-11-30 19:00:00,95,49,203002,31.8999996185303,102807,84.0999984741211,2,54.0999984741211,21.5,137.350183274821
"589",301,2023-12-31 19:00:00,75,40,203002,31.8999996185303,102807,84.0999984741211,2,54.0999984741211,21.5,137.350183274821
"590",301,2024-01-31 19:00:00,82,49,203002,31.8999996185303,102807,84.0999984741211,2,54.0999984741211,21.5,137.350183274821
"591",301,2024-02-29 19:00:00,85,49,203002,31.8999996185303,102807,84.0999984741211,2,54.0999984741211,21.5,137.350183274821
"592",301,2024-03-31 20:00:00,66,30,203002,31.8999996185303,102807,84.0999984741211,2,54.0999984741211,21.5,137.350183274821
"593",301,2024-04-30 20:00:00,55,25,203002,31.8999996185303,102807,84.0999984741211,2,54.0999984741211,21.5,137.350183274821
"594",301,2024-05-31 20:00:00,95,62,203002,31.8999996185303,102807,84.0999984741211,2,54.0999984741211,21.5,137.350183274821
"595",301,2024-06-30 20:00:00,72,46,203002,31.8999996185303,102807,84.0999984741211,2,54.0999984741211,21.5,137.350183274821
"596",301,2024-07-31 20:00:00,56,39,203002,31.8999996185303,102807,84.0999984741211,2,54.0999984741211,21.5,137.350183274821
"597",301,2024-08-31 20:00:00,46,32,203002,31.8999996185303,102807,84.0999984741211,2,54.0999984741211,21.5,137.350183274821
"598",301,2024-09-30 20:00:00,60,22,203002,31.8999996185303,102807,84.0999984741211,2,54.0999984741211,21.5,137.350183274821
"599",301,2024-10-31 20:00:00,72,45,203002,31.8999996185303,102807,84.0999984741211,2,54.0999984741211,21.5,137.350183274821
"600",301,2024-11-30 19:00:00,85,62,203002,31.8999996185303,102807,84.0999984741211,2,54.0999984741211,21.5,137.350183274821
"601",302,2022-12-31 19:00:00,53,25,125637,35.2999992370605,145094,68,3.90000009536743,72.1999969482422,21.1000003814697,92.4992962718216
"602",302,2023-01-31 19:00:00,91,53,125637,35.2999992370605,145094,68,3.90000009536743,72.1999969482422,21.1000003814697,92.4992962718216
"603",302,2023-02-28 19:00:00,81,38,125637,35.2999992370605,145094,68,3.90000009536743,72.1999969482422,21.1000003814697,92.4992962718216
"604",302,2023-03-31 20:00:00,15,9,125637,35.2999992370605,145094,68,3.90000009536743,72.1999969482422,21.1000003814697,92.4992962718216
"605",302,2023-04-30 20:00:00,33,22,125637,35.2999992370605,145094,68,3.90000009536743,72.1999969482422,21.1000003814697,92.4992962718216
"606",302,2023-05-31 20:00:00,37,26,125637,35.2999992370605,145094,68,3.90000009536743,72.1999969482422,21.1000003814697,92.4992962718216
"607",302,2023-06-30 20:00:00,40,23,125637,35.2999992370605,145094,68,3.90000009536743,72.1999969482422,21.1000003814697,92.4992962718216
"608",302,2023-07-31 20:00:00,38,21,125637,35.2999992370605,145094,68,3.90000009536743,72.1999969482422,21.1000003814697,92.4992962718216
"609",302,2023-08-31 20:00:00,40,19,125637,35.2999992370605,145094,68,3.90000009536743,72.1999969482422,21.1000003814697,92.4992962718216
"610",302,2023-09-30 20:00:00,36,19,125637,35.2999992370605,145094,68,3.90000009536743,72.1999969482422,21.1000003814697,92.4992962718216
"611",302,2023-10-31 20:00:00,24,17,125637,35.2999992370605,145094,68,3.90000009536743,72.1999969482422,21.1000003814697,92.4992962718216
"612",302,2023-11-30 19:00:00,17,8,125637,35.2999992370605,145094,68,3.90000009536743,72.1999969482422,21.1000003814697,92.4992962718216
"613",302,2023-12-31 19:00:00,25,12,125637,35.2999992370605,145094,68,3.90000009536743,72.1999969482422,21.1000003814697,92.4992962718216
"614",302,2024-01-31 19:00:00,51,25,125637,35.2999992370605,145094,68,3.90000009536743,72.1999969482422,21.1000003814697,92.4992962718216
"615",302,2024-02-29 19:00:00,86,38,125637,35.2999992370605,145094,68,3.90000009536743,72.1999969482422,21.1000003814697,92.4992962718216
"616",302,2024-03-31 20:00:00,126,57,125637,35.2999992370605,145094,68,3.90000009536743,72.1999969482422,21.1000003814697,92.4992962718216
"617",302,2024-04-30 20:00:00,45,19,125637,35.2999992370605,145094,68,3.90000009536743,72.1999969482422,21.1000003814697,92.4992962718216
"618",302,2024-05-31 20:00:00,43,23,125637,35.2999992370605,145094,68,3.90000009536743,72.1999969482422,21.1000003814697,92.4992962718216
"619",302,2024-06-30 20:00:00,39,19,125637,35.2999992370605,145094,68,3.90000009536743,72.1999969482422,21.1000003814697,92.4992962718216
"620",302,2024-07-31 20:00:00,32,15,125637,35.2999992370605,145094,68,3.90000009536743,72.1999969482422,21.1000003814697,92.4992962718216
"621",302,2024-08-31 20:00:00,22,9,125637,35.2999992370605,145094,68,3.90000009536743,72.1999969482422,21.1000003814697,92.4992962718216
"622",302,2024-09-30 20:00:00,16,3,125637,35.2999992370605,145094,68,3.90000009536743,72.1999969482422,21.1000003814697,92.4992962718216
"623",302,2024-10-31 20:00:00,22,9,125637,35.2999992370605,145094,68,3.90000009536743,72.1999969482422,21.1000003814697,92.4992962718216
"624",302,2024-11-30 19:00:00,57,17,125637,35.2999992370605,145094,68,3.90000009536743,72.1999969482422,21.1000003814697,92.4992962718216
"625",303,2022-12-31 19:00:00,62,18,180283,33.4000015258789,77546,77.8000030517578,2.29999995231628,44.5999984741211,19.6000003814697,73.6929135553237
"626",303,2023-01-31 19:00:00,62,39,180283,33.4000015258789,77546,77.8000030517578,2.29999995231628,44.5999984741211,19.6000003814697,73.6929135553237
"627",303,2023-02-28 19:00:00,79,40,180283,33.4000015258789,77546,77.8000030517578,2.29999995231628,44.5999984741211,19.6000003814697,73.6929135553237
"628",303,2023-03-31 20:00:00,17,8,180283,33.4000015258789,77546,77.8000030517578,2.29999995231628,44.5999984741211,19.6000003814697,73.6929135553237
"629",303,2023-04-30 20:00:00,22,11,180283,33.4000015258789,77546,77.8000030517578,2.29999995231628,44.5999984741211,19.6000003814697,73.6929135553237
"630",303,2023-05-31 20:00:00,40,18,180283,33.4000015258789,77546,77.8000030517578,2.29999995231628,44.5999984741211,19.6000003814697,73.6929135553237
"631",303,2023-06-30 20:00:00,32,19,180283,33.4000015258789,77546,77.8000030517578,2.29999995231628,44.5999984741211,19.6000003814697,73.6929135553237
"632",303,2023-07-31 20:00:00,25,15,180283,33.4000015258789,77546,77.8000030517578,2.29999995231628,44.5999984741211,19.6000003814697,73.6929135553237
"633",303,2023-08-31 20:00:00,18,10,180283,33.4000015258789,77546,77.8000030517578,2.29999995231628,44.5999984741211,19.6000003814697,73.6929135553237
"634",303,2023-09-30 20:00:00,30,10,180283,33.4000015258789,77546,77.8000030517578,2.29999995231628,44.5999984741211,19.6000003814697,73.6929135553237
"635",303,2023-10-31 20:00:00,26,7,180283,33.4000015258789,77546,77.8000030517578,2.29999995231628,44.5999984741211,19.6000003814697,73.6929135553237
"636",303,2023-11-30 19:00:00,27,14,180283,33.4000015258789,77546,77.8000030517578,2.29999995231628,44.5999984741211,19.6000003814697,73.6929135553237
"637",303,2023-12-31 19:00:00,34,10,180283,33.4000015258789,77546,77.8000030517578,2.29999995231628,44.5999984741211,19.6000003814697,73.6929135553237
"638",303,2024-01-31 19:00:00,43,14,180283,33.4000015258789,77546,77.8000030517578,2.29999995231628,44.5999984741211,19.6000003814697,73.6929135553237
"639",303,2024-02-29 19:00:00,72,31,180283,33.4000015258789,77546,77.8000030517578,2.29999995231628,44.5999984741211,19.6000003814697,73.6929135553237
"640",303,2024-03-31 20:00:00,41,19,180283,33.4000015258789,77546,77.8000030517578,2.29999995231628,44.5999984741211,19.6000003814697,73.6929135553237
"641",303,2024-04-30 20:00:00,42,20,180283,33.4000015258789,77546,77.8000030517578,2.29999995231628,44.5999984741211,19.6000003814697,73.6929135553237
"642",303,2024-05-31 20:00:00,38,19,180283,33.4000015258789,77546,77.8000030517578,2.29999995231628,44.5999984741211,19.6000003814697,73.6929135553237
"643",303,2024-06-30 20:00:00,36,19,180283,33.4000015258789,77546,77.8000030517578,2.29999995231628,44.5999984741211,19.6000003814697,73.6929135553237
"644",303,2024-07-31 20:00:00,26,9,180283,33.4000015258789,77546,77.8000030517578,2.29999995231628,44.5999984741211,19.6000003814697,73.6929135553237
"645",303,2024-08-31 20:00:00,30,15,180283,33.4000015258789,77546,77.8000030517578,2.29999995231628,44.5999984741211,19.6000003814697,73.6929135553237
"646",303,2024-09-30 20:00:00,47,25,180283,33.4000015258789,77546,77.8000030517578,2.29999995231628,44.5999984741211,19.6000003814697,73.6929135553237
"647",303,2024-10-31 20:00:00,26,15,180283,33.4000015258789,77546,77.8000030517578,2.29999995231628,44.5999984741211,19.6000003814697,73.6929135553237
"648",303,2024-11-30 19:00:00,46,24,180283,33.4000015258789,77546,77.8000030517578,2.29999995231628,44.5999984741211,19.6000003814697,73.6929135553237
"649",304,2022-12-31 19:00:00,28,12,111975,32.7999992370605,83441,83.5,3.20000004768372,40.5999984741211,31.2999992370605,53.3089844191648
"650",304,2023-01-31 19:00:00,49,27,111975,32.7999992370605,83441,83.5,3.20000004768372,40.5999984741211,31.2999992370605,53.3089844191648
"651",304,2023-02-28 19:00:00,33,15,111975,32.7999992370605,83441,83.5,3.20000004768372,40.5999984741211,31.2999992370605,53.3089844191648
"652",304,2023-03-31 20:00:00,28,16,111975,32.7999992370605,83441,83.5,3.20000004768372,40.5999984741211,31.2999992370605,53.3089844191648
"653",304,2023-04-30 20:00:00,24,12,111975,32.7999992370605,83441,83.5,3.20000004768372,40.5999984741211,31.2999992370605,53.3089844191648
"654",304,2023-05-31 20:00:00,19,13,111975,32.7999992370605,83441,83.5,3.20000004768372,40.5999984741211,31.2999992370605,53.3089844191648
"655",304,2023-06-30 20:00:00,20,6,111975,32.7999992370605,83441,83.5,3.20000004768372,40.5999984741211,31.2999992370605,53.3089844191648
"656",304,2023-07-31 20:00:00,16,8,111975,32.7999992370605,83441,83.5,3.20000004768372,40.5999984741211,31.2999992370605,53.3089844191648
"657",304,2023-08-31 20:00:00,44,30,111975,32.7999992370605,83441,83.5,3.20000004768372,40.5999984741211,31.2999992370605,53.3089844191648
"658",304,2023-09-30 20:00:00,27,3,111975,32.7999992370605,83441,83.5,3.20000004768372,40.5999984741211,31.2999992370605,53.3089844191648
"659",304,2023-10-31 20:00:00,12,4,111975,32.7999992370605,83441,83.5,3.20000004768372,40.5999984741211,31.2999992370605,53.3089844191648
"660",304,2023-11-30 19:00:00,20,8,111975,32.7999992370605,83441,83.5,3.20000004768372,40.5999984741211,31.2999992370605,53.3089844191648
"661",304,2023-12-31 19:00:00,12,5,111975,32.7999992370605,83441,83.5,3.20000004768372,40.5999984741211,31.2999992370605,53.3089844191648
"662",304,2024-01-31 19:00:00,18,7,111975,32.7999992370605,83441,83.5,3.20000004768372,40.5999984741211,31.2999992370605,53.3089844191648
"663",304,2024-02-29 19:00:00,23,14,111975,32.7999992370605,83441,83.5,3.20000004768372,40.5999984741211,31.2999992370605,53.3089844191648
"664",304,2024-03-31 20:00:00,39,13,111975,32.7999992370605,83441,83.5,3.20000004768372,40.5999984741211,31.2999992370605,53.3089844191648
"665",304,2024-04-30 20:00:00,19,8,111975,32.7999992370605,83441,83.5,3.20000004768372,40.5999984741211,31.2999992370605,53.3089844191648
"666",304,2024-05-31 20:00:00,32,14,111975,32.7999992370605,83441,83.5,3.20000004768372,40.5999984741211,31.2999992370605,53.3089844191648
"667",304,2024-06-30 20:00:00,25,13,111975,32.7999992370605,83441,83.5,3.20000004768372,40.5999984741211,31.2999992370605,53.3089844191648
"668",304,2024-07-31 20:00:00,15,6,111975,32.7999992370605,83441,83.5,3.20000004768372,40.5999984741211,31.2999992370605,53.3089844191648
"669",304,2024-08-31 20:00:00,15,6,111975,32.7999992370605,83441,83.5,3.20000004768372,40.5999984741211,31.2999992370605,53.3089844191648
"670",304,2024-09-30 20:00:00,9,5,111975,32.7999992370605,83441,83.5,3.20000004768372,40.5999984741211,31.2999992370605,53.3089844191648
"671",304,2024-10-31 20:00:00,18,7,111975,32.7999992370605,83441,83.5,3.20000004768372,40.5999984741211,31.2999992370605,53.3089844191648
"672",304,2024-11-30 19:00:00,63,31,111975,32.7999992370605,83441,83.5,3.20000004768372,40.5999984741211,31.2999992370605,53.3089844191648
"673",305,2022-12-31 19:00:00,96,37,201036,36.5999984741211,54145,75.5,3.40000009536743,16.5,36.7000007629395,151.582624078514
"674",305,2023-01-31 19:00:00,154,65,201036,36.5999984741211,54145,75.5,3.40000009536743,16.5,36.7000007629395,151.582624078514
"675",305,2023-02-28 19:00:00,99,51,201036,36.5999984741211,54145,75.5,3.40000009536743,16.5,36.7000007629395,151.582624078514
"676",305,2023-03-31 20:00:00,27,16,201036,36.5999984741211,54145,75.5,3.40000009536743,16.5,36.7000007629395,151.582624078514
"677",305,2023-04-30 20:00:00,49,21,201036,36.5999984741211,54145,75.5,3.40000009536743,16.5,36.7000007629395,151.582624078514
"678",305,2023-05-31 20:00:00,46,20,201036,36.5999984741211,54145,75.5,3.40000009536743,16.5,36.7000007629395,151.582624078514
"679",305,2023-06-30 20:00:00,62,28,201036,36.5999984741211,54145,75.5,3.40000009536743,16.5,36.7000007629395,151.582624078514
"680",305,2023-07-31 20:00:00,46,24,201036,36.5999984741211,54145,75.5,3.40000009536743,16.5,36.7000007629395,151.582624078514
"681",305,2023-08-31 20:00:00,29,15,201036,36.5999984741211,54145,75.5,3.40000009536743,16.5,36.7000007629395,151.582624078514
"682",305,2023-09-30 20:00:00,38,12,201036,36.5999984741211,54145,75.5,3.40000009536743,16.5,36.7000007629395,151.582624078514
"683",305,2023-10-31 20:00:00,35,15,201036,36.5999984741211,54145,75.5,3.40000009536743,16.5,36.7000007629395,151.582624078514
"684",305,2023-11-30 19:00:00,81,37,201036,36.5999984741211,54145,75.5,3.40000009536743,16.5,36.7000007629395,151.582624078514
"685",305,2023-12-31 19:00:00,42,21,201036,36.5999984741211,54145,75.5,3.40000009536743,16.5,36.7000007629395,151.582624078514
"686",305,2024-01-31 19:00:00,73,33,201036,36.5999984741211,54145,75.5,3.40000009536743,16.5,36.7000007629395,151.582624078514
"687",305,2024-02-29 19:00:00,74,30,201036,36.5999984741211,54145,75.5,3.40000009536743,16.5,36.7000007629395,151.582624078514
"688",305,2024-03-31 20:00:00,63,34,201036,36.5999984741211,54145,75.5,3.40000009536743,16.5,36.7000007629395,151.582624078514
"689",305,2024-04-30 20:00:00,49,22,201036,36.5999984741211,54145,75.5,3.40000009536743,16.5,36.7000007629395,151.582624078514
"690",305,2024-05-31 20:00:00,24,10,201036,36.5999984741211,54145,75.5,3.40000009536743,16.5,36.7000007629395,151.582624078514
"691",305,2024-06-30 20:00:00,30,18,201036,36.5999984741211,54145,75.5,3.40000009536743,16.5,36.7000007629395,151.582624078514
"692",305,2024-07-31 20:00:00,23,12,201036,36.5999984741211,54145,75.5,3.40000009536743,16.5,36.7000007629395,151.582624078514
"693",305,2024-08-31 20:00:00,14,4,201036,36.5999984741211,54145,75.5,3.40000009536743,16.5,36.7000007629395,151.582624078514
"694",305,2024-09-30 20:00:00,23,11,201036,36.5999984741211,54145,75.5,3.40000009536743,16.5,36.7000007629395,151.582624078514
"695",305,2024-10-31 20:00:00,19,11,201036,36.5999984741211,54145,75.5,3.40000009536743,16.5,36.7000007629395,151.582624078514
"696",305,2024-11-30 19:00:00,87,28,201036,36.5999984741211,54145,75.5,3.40000009536743,16.5,36.7000007629395,151.582624078514
"697",306,2022-12-31 19:00:00,68,26,121009,37.4000015258789,165947,63.2000007629395,3.5,75.8000030517578,17.7999992370605,82.6448737361604
"698",306,2023-01-31 19:00:00,49,31,121009,37.4000015258789,165947,63.2000007629395,3.5,75.8000030517578,17.7999992370605,82.6448737361604
"699",306,2023-02-28 19:00:00,65,33,121009,37.4000015258789,165947,63.2000007629395,3.5,75.8000030517578,17.7999992370605,82.6448737361604
"700",306,2023-03-31 20:00:00,19,6,121009,37.4000015258789,165947,63.2000007629395,3.5,75.8000030517578,17.7999992370605,82.6448737361604
"701",306,2023-04-30 20:00:00,33,17,121009,37.4000015258789,165947,63.2000007629395,3.5,75.8000030517578,17.7999992370605,82.6448737361604
"702",306,2023-05-31 20:00:00,31,14,121009,37.4000015258789,165947,63.2000007629395,3.5,75.8000030517578,17.7999992370605,82.6448737361604
"703",306,2023-06-30 20:00:00,33,22,121009,37.4000015258789,165947,63.2000007629395,3.5,75.8000030517578,17.7999992370605,82.6448737361604
"704",306,2023-07-31 20:00:00,26,20,121009,37.4000015258789,165947,63.2000007629395,3.5,75.8000030517578,17.7999992370605,82.6448737361604
"705",306,2023-08-31 20:00:00,26,12,121009,37.4000015258789,165947,63.2000007629395,3.5,75.8000030517578,17.7999992370605,82.6448737361604
"706",306,2023-09-30 20:00:00,15,9,121009,37.4000015258789,165947,63.2000007629395,3.5,75.8000030517578,17.7999992370605,82.6448737361604
"707",306,2023-10-31 20:00:00,19,8,121009,37.4000015258789,165947,63.2000007629395,3.5,75.8000030517578,17.7999992370605,82.6448737361604
"708",306,2023-11-30 19:00:00,29,17,121009,37.4000015258789,165947,63.2000007629395,3.5,75.8000030517578,17.7999992370605,82.6448737361604
"709",306,2023-12-31 19:00:00,16,8,121009,37.4000015258789,165947,63.2000007629395,3.5,75.8000030517578,17.7999992370605,82.6448737361604
"710",306,2024-01-31 19:00:00,39,12,121009,37.4000015258789,165947,63.2000007629395,3.5,75.8000030517578,17.7999992370605,82.6448737361604
"711",306,2024-02-29 19:00:00,64,40,121009,37.4000015258789,165947,63.2000007629395,3.5,75.8000030517578,17.7999992370605,82.6448737361604
"712",306,2024-03-31 20:00:00,39,23,121009,37.4000015258789,165947,63.2000007629395,3.5,75.8000030517578,17.7999992370605,82.6448737361604
"713",306,2024-04-30 20:00:00,41,26,121009,37.4000015258789,165947,63.2000007629395,3.5,75.8000030517578,17.7999992370605,82.6448737361604
"714",306,2024-05-31 20:00:00,83,46,121009,37.4000015258789,165947,63.2000007629395,3.5,75.8000030517578,17.7999992370605,82.6448737361604
"715",306,2024-06-30 20:00:00,26,19,121009,37.4000015258789,165947,63.2000007629395,3.5,75.8000030517578,17.7999992370605,82.6448737361604
"716",306,2024-07-31 20:00:00,28,13,121009,37.4000015258789,165947,63.2000007629395,3.5,75.8000030517578,17.7999992370605,82.6448737361604
"717",306,2024-08-31 20:00:00,23,7,121009,37.4000015258789,165947,63.2000007629395,3.5,75.8000030517578,17.7999992370605,82.6448737361604
"718",306,2024-09-30 20:00:00,21,9,121009,37.4000015258789,165947,63.2000007629395,3.5,75.8000030517578,17.7999992370605,82.6448737361604
"719",306,2024-10-31 20:00:00,32,8,121009,37.4000015258789,165947,63.2000007629395,3.5,75.8000030517578,17.7999992370605,82.6448737361604
"720",306,2024-11-30 19:00:00,49,21,121009,37.4000015258789,165947,63.2000007629395,3.5,75.8000030517578,17.7999992370605,82.6448737361604
"721",307,2022-12-31 19:00:00,70,19,120253,37.5,84767,69.5,2.90000009536743,39.5,39.5999984741211,88.329626489105
"722",307,2023-01-31 19:00:00,92,44,120253,37.5,84767,69.5,2.90000009536743,39.5,39.5999984741211,88.329626489105
"723",307,2023-02-28 19:00:00,90,33,120253,37.5,84767,69.5,2.90000009536743,39.5,39.5999984741211,88.329626489105
"724",307,2023-03-31 20:00:00,36,15,120253,37.5,84767,69.5,2.90000009536743,39.5,39.5999984741211,88.329626489105
"725",307,2023-04-30 20:00:00,24,14,120253,37.5,84767,69.5,2.90000009536743,39.5,39.5999984741211,88.329626489105
"726",307,2023-05-31 20:00:00,43,23,120253,37.5,84767,69.5,2.90000009536743,39.5,39.5999984741211,88.329626489105
"727",307,2023-06-30 20:00:00,55,40,120253,37.5,84767,69.5,2.90000009536743,39.5,39.5999984741211,88.329626489105
"728",307,2023-07-31 20:00:00,43,21,120253,37.5,84767,69.5,2.90000009536743,39.5,39.5999984741211,88.329626489105
"729",307,2023-08-31 20:00:00,23,8,120253,37.5,84767,69.5,2.90000009536743,39.5,39.5999984741211,88.329626489105
"730",307,2023-09-30 20:00:00,30,14,120253,37.5,84767,69.5,2.90000009536743,39.5,39.5999984741211,88.329626489105
"731",307,2023-10-31 20:00:00,44,28,120253,37.5,84767,69.5,2.90000009536743,39.5,39.5999984741211,88.329626489105
"732",307,2023-11-30 19:00:00,51,28,120253,37.5,84767,69.5,2.90000009536743,39.5,39.5999984741211,88.329626489105
"733",307,2023-12-31 19:00:00,39,12,120253,37.5,84767,69.5,2.90000009536743,39.5,39.5999984741211,88.329626489105
"734",307,2024-01-31 19:00:00,94,23,120253,37.5,84767,69.5,2.90000009536743,39.5,39.5999984741211,88.329626489105
"735",307,2024-02-29 19:00:00,82,38,120253,37.5,84767,69.5,2.90000009536743,39.5,39.5999984741211,88.329626489105
"736",307,2024-03-31 20:00:00,48,31,120253,37.5,84767,69.5,2.90000009536743,39.5,39.5999984741211,88.329626489105
"737",307,2024-04-30 20:00:00,34,12,120253,37.5,84767,69.5,2.90000009536743,39.5,39.5999984741211,88.329626489105
"738",307,2024-05-31 20:00:00,53,32,120253,37.5,84767,69.5,2.90000009536743,39.5,39.5999984741211,88.329626489105
"739",307,2024-06-30 20:00:00,35,21,120253,37.5,84767,69.5,2.90000009536743,39.5,39.5999984741211,88.329626489105
"740",307,2024-07-31 20:00:00,35,19,120253,37.5,84767,69.5,2.90000009536743,39.5,39.5999984741211,88.329626489105
"741",307,2024-08-31 20:00:00,37,17,120253,37.5,84767,69.5,2.90000009536743,39.5,39.5999984741211,88.329626489105
"742",307,2024-09-30 20:00:00,35,14,120253,37.5,84767,69.5,2.90000009536743,39.5,39.5999984741211,88.329626489105
"743",307,2024-10-31 20:00:00,51,19,120253,37.5,84767,69.5,2.90000009536743,39.5,39.5999984741211,88.329626489105
"744",307,2024-11-30 19:00:00,58,23,120253,37.5,84767,69.5,2.90000009536743,39.5,39.5999984741211,88.329626489105
"745",308,2022-12-31 19:00:00,17,6,109719,35.5,90978,79.5,2.59999990463257,52.7999992370605,26,43.4723136631731
"746",308,2023-01-31 19:00:00,24,15,109719,35.5,90978,79.5,2.59999990463257,52.7999992370605,26,43.4723136631731
"747",308,2023-02-28 19:00:00,55,24,109719,35.5,90978,79.5,2.59999990463257,52.7999992370605,26,43.4723136631731
"748",308,2023-03-31 20:00:00,9,8,109719,35.5,90978,79.5,2.59999990463257,52.7999992370605,26,43.4723136631731
"749",308,2023-04-30 20:00:00,7,6,109719,35.5,90978,79.5,2.59999990463257,52.7999992370605,26,43.4723136631731
"750",308,2023-05-31 20:00:00,15,5,109719,35.5,90978,79.5,2.59999990463257,52.7999992370605,26,43.4723136631731
"751",308,2023-06-30 20:00:00,14,6,109719,35.5,90978,79.5,2.59999990463257,52.7999992370605,26,43.4723136631731
"752",308,2023-07-31 20:00:00,26,12,109719,35.5,90978,79.5,2.59999990463257,52.7999992370605,26,43.4723136631731
"753",308,2023-08-31 20:00:00,9,3,109719,35.5,90978,79.5,2.59999990463257,52.7999992370605,26,43.4723136631731
"754",308,2023-09-30 20:00:00,36,12,109719,35.5,90978,79.5,2.59999990463257,52.7999992370605,26,43.4723136631731
"755",308,2023-10-31 20:00:00,21,9,109719,35.5,90978,79.5,2.59999990463257,52.7999992370605,26,43.4723136631731
"756",308,2023-11-30 19:00:00,10,4,109719,35.5,90978,79.5,2.59999990463257,52.7999992370605,26,43.4723136631731
"757",308,2023-12-31 19:00:00,19,10,109719,35.5,90978,79.5,2.59999990463257,52.7999992370605,26,43.4723136631731
"758",308,2024-01-31 19:00:00,12,10,109719,35.5,90978,79.5,2.59999990463257,52.7999992370605,26,43.4723136631731
"759",308,2024-02-29 19:00:00,35,13,109719,35.5,90978,79.5,2.59999990463257,52.7999992370605,26,43.4723136631731
"760",308,2024-03-31 20:00:00,14,4,109719,35.5,90978,79.5,2.59999990463257,52.7999992370605,26,43.4723136631731
"761",308,2024-04-30 20:00:00,21,7,109719,35.5,90978,79.5,2.59999990463257,52.7999992370605,26,43.4723136631731
"762",308,2024-05-31 20:00:00,29,15,109719,35.5,90978,79.5,2.59999990463257,52.7999992370605,26,43.4723136631731
"763",308,2024-06-30 20:00:00,19,9,109719,35.5,90978,79.5,2.59999990463257,52.7999992370605,26,43.4723136631731
"764",308,2024-07-31 20:00:00,26,6,109719,35.5,90978,79.5,2.59999990463257,52.7999992370605,26,43.4723136631731
"765",308,2024-08-31 20:00:00,9,3,109719,35.5,90978,79.5,2.59999990463257,52.7999992370605,26,43.4723136631731
"766",308,2024-09-30 20:00:00,9,2,109719,35.5,90978,79.5,2.59999990463257,52.7999992370605,26,43.4723136631731
"767",308,2024-10-31 20:00:00,6,0,109719,35.5,90978,79.5,2.59999990463257,52.7999992370605,26,43.4723136631731
"768",308,2024-11-30 19:00:00,28,15,109719,35.5,90978,79.5,2.59999990463257,52.7999992370605,26,43.4723136631731
"769",309,2022-12-31 19:00:00,11,7,97675,37.4000015258789,73751,81.0999984741211,2.20000004768372,40.0999984741211,34.2000007629395,40.7837314716422
"770",309,2023-01-31 19:00:00,21,10,97675,37.4000015258789,73751,81.0999984741211,2.20000004768372,40.0999984741211,34.2000007629395,40.7837314716422
"771",309,2023-02-28 19:00:00,20,2,97675,37.4000015258789,73751,81.0999984741211,2.20000004768372,40.0999984741211,34.2000007629395,40.7837314716422
"772",309,2023-03-31 20:00:00,4,2,97675,37.4000015258789,73751,81.0999984741211,2.20000004768372,40.0999984741211,34.2000007629395,40.7837314716422
"773",309,2023-04-30 20:00:00,15,5,97675,37.4000015258789,73751,81.0999984741211,2.20000004768372,40.0999984741211,34.2000007629395,40.7837314716422
"774",309,2023-05-31 20:00:00,7,3,97675,37.4000015258789,73751,81.0999984741211,2.20000004768372,40.0999984741211,34.2000007629395,40.7837314716422
"775",309,2023-06-30 20:00:00,12,4,97675,37.4000015258789,73751,81.0999984741211,2.20000004768372,40.0999984741211,34.2000007629395,40.7837314716422
"776",309,2023-07-31 20:00:00,12,10,97675,37.4000015258789,73751,81.0999984741211,2.20000004768372,40.0999984741211,34.2000007629395,40.7837314716422
"777",309,2023-08-31 20:00:00,12,9,97675,37.4000015258789,73751,81.0999984741211,2.20000004768372,40.0999984741211,34.2000007629395,40.7837314716422
"778",309,2023-09-30 20:00:00,16,10,97675,37.4000015258789,73751,81.0999984741211,2.20000004768372,40.0999984741211,34.2000007629395,40.7837314716422
"779",309,2023-10-31 20:00:00,16,3,97675,37.4000015258789,73751,81.0999984741211,2.20000004768372,40.0999984741211,34.2000007629395,40.7837314716422
"780",309,2023-11-30 19:00:00,16,5,97675,37.4000015258789,73751,81.0999984741211,2.20000004768372,40.0999984741211,34.2000007629395,40.7837314716422
"781",309,2023-12-31 19:00:00,14,5,97675,37.4000015258789,73751,81.0999984741211,2.20000004768372,40.0999984741211,34.2000007629395,40.7837314716422
"782",309,2024-01-31 19:00:00,12,8,97675,37.4000015258789,73751,81.0999984741211,2.20000004768372,40.0999984741211,34.2000007629395,40.7837314716422
"783",309,2024-02-29 19:00:00,18,5,97675,37.4000015258789,73751,81.0999984741211,2.20000004768372,40.0999984741211,34.2000007629395,40.7837314716422
"784",309,2024-03-31 20:00:00,20,10,97675,37.4000015258789,73751,81.0999984741211,2.20000004768372,40.0999984741211,34.2000007629395,40.7837314716422
"785",309,2024-04-30 20:00:00,21,13,97675,37.4000015258789,73751,81.0999984741211,2.20000004768372,40.0999984741211,34.2000007629395,40.7837314716422
"786",309,2024-05-31 20:00:00,24,17,97675,37.4000015258789,73751,81.0999984741211,2.20000004768372,40.0999984741211,34.2000007629395,40.7837314716422
"787",309,2024-06-30 20:00:00,13,9,97675,37.4000015258789,73751,81.0999984741211,2.20000004768372,40.0999984741211,34.2000007629395,40.7837314716422
"788",309,2024-07-31 20:00:00,10,3,97675,37.4000015258789,73751,81.0999984741211,2.20000004768372,40.0999984741211,34.2000007629395,40.7837314716422
"789",309,2024-08-31 20:00:00,15,5,97675,37.4000015258789,73751,81.0999984741211,2.20000004768372,40.0999984741211,34.2000007629395,40.7837314716422
"790",309,2024-09-30 20:00:00,4,0,97675,37.4000015258789,73751,81.0999984741211,2.20000004768372,40.0999984741211,34.2000007629395,40.7837314716422
"791",309,2024-10-31 20:00:00,19,3,97675,37.4000015258789,73751,81.0999984741211,2.20000004768372,40.0999984741211,34.2000007629395,40.7837314716422
"792",309,2024-11-30 19:00:00,21,13,97675,37.4000015258789,73751,81.0999984741211,2.20000004768372,40.0999984741211,34.2000007629395,40.7837314716422
"793",310,2022-12-31 19:00:00,60,20,125053,41.7999992370605,87994,59.5999984741211,2.90000009536743,45.4000015258789,37.9000015258789,118.860433587219
"794",310,2023-01-31 19:00:00,40,17,125053,41.7999992370605,87994,59.5999984741211,2.90000009536743,45.4000015258789,37.9000015258789,118.860433587219
"795",310,2023-02-28 19:00:00,39,23,125053,41.7999992370605,87994,59.5999984741211,2.90000009536743,45.4000015258789,37.9000015258789,118.860433587219
"796",310,2023-03-31 20:00:00,31,16,125053,41.7999992370605,87994,59.5999984741211,2.90000009536743,45.4000015258789,37.9000015258789,118.860433587219
"797",310,2023-04-30 20:00:00,31,17,125053,41.7999992370605,87994,59.5999984741211,2.90000009536743,45.4000015258789,37.9000015258789,118.860433587219
"798",310,2023-05-31 20:00:00,42,17,125053,41.7999992370605,87994,59.5999984741211,2.90000009536743,45.4000015258789,37.9000015258789,118.860433587219
"799",310,2023-06-30 20:00:00,54,37,125053,41.7999992370605,87994,59.5999984741211,2.90000009536743,45.4000015258789,37.9000015258789,118.860433587219
"800",310,2023-07-31 20:00:00,35,22,125053,41.7999992370605,87994,59.5999984741211,2.90000009536743,45.4000015258789,37.9000015258789,118.860433587219
"801",310,2023-08-31 20:00:00,30,19,125053,41.7999992370605,87994,59.5999984741211,2.90000009536743,45.4000015258789,37.9000015258789,118.860433587219
"802",310,2023-09-30 20:00:00,33,22,125053,41.7999992370605,87994,59.5999984741211,2.90000009536743,45.4000015258789,37.9000015258789,118.860433587219
"803",310,2023-10-31 20:00:00,25,8,125053,41.7999992370605,87994,59.5999984741211,2.90000009536743,45.4000015258789,37.9000015258789,118.860433587219
"804",310,2023-11-30 19:00:00,36,14,125053,41.7999992370605,87994,59.5999984741211,2.90000009536743,45.4000015258789,37.9000015258789,118.860433587219
"805",310,2023-12-31 19:00:00,24,11,125053,41.7999992370605,87994,59.5999984741211,2.90000009536743,45.4000015258789,37.9000015258789,118.860433587219
"806",310,2024-01-31 19:00:00,44,25,125053,41.7999992370605,87994,59.5999984741211,2.90000009536743,45.4000015258789,37.9000015258789,118.860433587219
"807",310,2024-02-29 19:00:00,48,34,125053,41.7999992370605,87994,59.5999984741211,2.90000009536743,45.4000015258789,37.9000015258789,118.860433587219
"808",310,2024-03-31 20:00:00,28,18,125053,41.7999992370605,87994,59.5999984741211,2.90000009536743,45.4000015258789,37.9000015258789,118.860433587219
"809",310,2024-04-30 20:00:00,48,19,125053,41.7999992370605,87994,59.5999984741211,2.90000009536743,45.4000015258789,37.9000015258789,118.860433587219
"810",310,2024-05-31 20:00:00,34,16,125053,41.7999992370605,87994,59.5999984741211,2.90000009536743,45.4000015258789,37.9000015258789,118.860433587219
"811",310,2024-06-30 20:00:00,59,40,125053,41.7999992370605,87994,59.5999984741211,2.90000009536743,45.4000015258789,37.9000015258789,118.860433587219
"812",310,2024-07-31 20:00:00,27,7,125053,41.7999992370605,87994,59.5999984741211,2.90000009536743,45.4000015258789,37.9000015258789,118.860433587219
"813",310,2024-08-31 20:00:00,29,14,125053,41.7999992370605,87994,59.5999984741211,2.90000009536743,45.4000015258789,37.9000015258789,118.860433587219
"814",310,2024-09-30 20:00:00,29,16,125053,41.7999992370605,87994,59.5999984741211,2.90000009536743,45.4000015258789,37.9000015258789,118.860433587219
"815",310,2024-10-31 20:00:00,13,11,125053,41.7999992370605,87994,59.5999984741211,2.90000009536743,45.4000015258789,37.9000015258789,118.860433587219
"816",310,2024-11-30 19:00:00,51,16,125053,41.7999992370605,87994,59.5999984741211,2.90000009536743,45.4000015258789,37.9000015258789,118.860433587219
"817",311,2022-12-31 19:00:00,46,20,182754,40.5,68756,65.0999984741211,2.20000004768372,31.8999996185303,54.9000015258789,102.017526704833
"818",311,2023-01-31 19:00:00,42,20,182754,40.5,68756,65.0999984741211,2.20000004768372,31.8999996185303,54.9000015258789,102.017526704833
"819",311,2023-02-28 19:00:00,74,35,182754,40.5,68756,65.0999984741211,2.20000004768372,31.8999996185303,54.9000015258789,102.017526704833
"820",311,2023-03-31 20:00:00,21,7,182754,40.5,68756,65.0999984741211,2.20000004768372,31.8999996185303,54.9000015258789,102.017526704833
"821",311,2023-04-30 20:00:00,31,16,182754,40.5,68756,65.0999984741211,2.20000004768372,31.8999996185303,54.9000015258789,102.017526704833
"822",311,2023-05-31 20:00:00,26,13,182754,40.5,68756,65.0999984741211,2.20000004768372,31.8999996185303,54.9000015258789,102.017526704833
"823",311,2023-06-30 20:00:00,49,26,182754,40.5,68756,65.0999984741211,2.20000004768372,31.8999996185303,54.9000015258789,102.017526704833
"824",311,2023-07-31 20:00:00,47,32,182754,40.5,68756,65.0999984741211,2.20000004768372,31.8999996185303,54.9000015258789,102.017526704833
"825",311,2023-08-31 20:00:00,33,20,182754,40.5,68756,65.0999984741211,2.20000004768372,31.8999996185303,54.9000015258789,102.017526704833
"826",311,2023-09-30 20:00:00,23,13,182754,40.5,68756,65.0999984741211,2.20000004768372,31.8999996185303,54.9000015258789,102.017526704833
"827",311,2023-10-31 20:00:00,28,17,182754,40.5,68756,65.0999984741211,2.20000004768372,31.8999996185303,54.9000015258789,102.017526704833
"828",311,2023-11-30 19:00:00,41,18,182754,40.5,68756,65.0999984741211,2.20000004768372,31.8999996185303,54.9000015258789,102.017526704833
"829",311,2023-12-31 19:00:00,37,20,182754,40.5,68756,65.0999984741211,2.20000004768372,31.8999996185303,54.9000015258789,102.017526704833
"830",311,2024-01-31 19:00:00,46,20,182754,40.5,68756,65.0999984741211,2.20000004768372,31.8999996185303,54.9000015258789,102.017526704833
"831",311,2024-02-29 19:00:00,55,27,182754,40.5,68756,65.0999984741211,2.20000004768372,31.8999996185303,54.9000015258789,102.017526704833
"832",311,2024-03-31 20:00:00,34,19,182754,40.5,68756,65.0999984741211,2.20000004768372,31.8999996185303,54.9000015258789,102.017526704833
"833",311,2024-04-30 20:00:00,54,29,182754,40.5,68756,65.0999984741211,2.20000004768372,31.8999996185303,54.9000015258789,102.017526704833
"834",311,2024-05-31 20:00:00,41,20,182754,40.5,68756,65.0999984741211,2.20000004768372,31.8999996185303,54.9000015258789,102.017526704833
"835",311,2024-06-30 20:00:00,31,17,182754,40.5,68756,65.0999984741211,2.20000004768372,31.8999996185303,54.9000015258789,102.017526704833
"836",311,2024-07-31 20:00:00,27,17,182754,40.5,68756,65.0999984741211,2.20000004768372,31.8999996185303,54.9000015258789,102.017526704833
"837",311,2024-08-31 20:00:00,24,9,182754,40.5,68756,65.0999984741211,2.20000004768372,31.8999996185303,54.9000015258789,102.017526704833
"838",311,2024-09-30 20:00:00,18,7,182754,40.5,68756,65.0999984741211,2.20000004768372,31.8999996185303,54.9000015258789,102.017526704833
"839",311,2024-10-31 20:00:00,16,10,182754,40.5,68756,65.0999984741211,2.20000004768372,31.8999996185303,54.9000015258789,102.017526704833
"840",311,2024-11-30 19:00:00,79,25,182754,40.5,68756,65.0999984741211,2.20000004768372,31.8999996185303,54.9000015258789,102.017526704833
"841",312,2022-12-31 19:00:00,61,27,194695,28.8999996185303,67808,68.1999969482422,2.70000004768372,32.4000015258789,29.3999996185303,96.4734621635792
"842",312,2023-01-31 19:00:00,57,27,194695,28.8999996185303,67808,68.1999969482422,2.70000004768372,32.4000015258789,29.3999996185303,96.4734621635792
"843",312,2023-02-28 19:00:00,81,33,194695,28.8999996185303,67808,68.1999969482422,2.70000004768372,32.4000015258789,29.3999996185303,96.4734621635792
"844",312,2023-03-31 20:00:00,53,23,194695,28.8999996185303,67808,68.1999969482422,2.70000004768372,32.4000015258789,29.3999996185303,96.4734621635792
"845",312,2023-04-30 20:00:00,34,26,194695,28.8999996185303,67808,68.1999969482422,2.70000004768372,32.4000015258789,29.3999996185303,96.4734621635792
"846",312,2023-05-31 20:00:00,44,27,194695,28.8999996185303,67808,68.1999969482422,2.70000004768372,32.4000015258789,29.3999996185303,96.4734621635792
"847",312,2023-06-30 20:00:00,62,42,194695,28.8999996185303,67808,68.1999969482422,2.70000004768372,32.4000015258789,29.3999996185303,96.4734621635792
"848",312,2023-07-31 20:00:00,37,19,194695,28.8999996185303,67808,68.1999969482422,2.70000004768372,32.4000015258789,29.3999996185303,96.4734621635792
"849",312,2023-08-31 20:00:00,23,14,194695,28.8999996185303,67808,68.1999969482422,2.70000004768372,32.4000015258789,29.3999996185303,96.4734621635792
"850",312,2023-09-30 20:00:00,32,19,194695,28.8999996185303,67808,68.1999969482422,2.70000004768372,32.4000015258789,29.3999996185303,96.4734621635792
"851",312,2023-10-31 20:00:00,30,15,194695,28.8999996185303,67808,68.1999969482422,2.70000004768372,32.4000015258789,29.3999996185303,96.4734621635792
"852",312,2023-11-30 19:00:00,57,32,194695,28.8999996185303,67808,68.1999969482422,2.70000004768372,32.4000015258789,29.3999996185303,96.4734621635792
"853",312,2023-12-31 19:00:00,54,15,194695,28.8999996185303,67808,68.1999969482422,2.70000004768372,32.4000015258789,29.3999996185303,96.4734621635792
"854",312,2024-01-31 19:00:00,64,32,194695,28.8999996185303,67808,68.1999969482422,2.70000004768372,32.4000015258789,29.3999996185303,96.4734621635792
"855",312,2024-02-29 19:00:00,71,32,194695,28.8999996185303,67808,68.1999969482422,2.70000004768372,32.4000015258789,29.3999996185303,96.4734621635792
"856",312,2024-03-31 20:00:00,85,46,194695,28.8999996185303,67808,68.1999969482422,2.70000004768372,32.4000015258789,29.3999996185303,96.4734621635792
"857",312,2024-04-30 20:00:00,69,33,194695,28.8999996185303,67808,68.1999969482422,2.70000004768372,32.4000015258789,29.3999996185303,96.4734621635792
"858",312,2024-05-31 20:00:00,43,32,194695,28.8999996185303,67808,68.1999969482422,2.70000004768372,32.4000015258789,29.3999996185303,96.4734621635792
"859",312,2024-06-30 20:00:00,51,28,194695,28.8999996185303,67808,68.1999969482422,2.70000004768372,32.4000015258789,29.3999996185303,96.4734621635792
"860",312,2024-07-31 20:00:00,41,17,194695,28.8999996185303,67808,68.1999969482422,2.70000004768372,32.4000015258789,29.3999996185303,96.4734621635792
"861",312,2024-08-31 20:00:00,26,14,194695,28.8999996185303,67808,68.1999969482422,2.70000004768372,32.4000015258789,29.3999996185303,96.4734621635792
"862",312,2024-09-30 20:00:00,27,6,194695,28.8999996185303,67808,68.1999969482422,2.70000004768372,32.4000015258789,29.3999996185303,96.4734621635792
"863",312,2024-10-31 20:00:00,30,13,194695,28.8999996185303,67808,68.1999969482422,2.70000004768372,32.4000015258789,29.3999996185303,96.4734621635792
"864",312,2024-11-30 19:00:00,64,24,194695,28.8999996185303,67808,68.1999969482422,2.70000004768372,32.4000015258789,29.3999996185303,96.4734621635792
"865",313,2022-12-31 19:00:00,41,22,110145,46.0999984741211,45489,71.1999969482422,1.39999997615814,39.7000007629395,55.7999992370605,66.2283859093203
"866",313,2023-01-31 19:00:00,39,8,110145,46.0999984741211,45489,71.1999969482422,1.39999997615814,39.7000007629395,55.7999992370605,66.2283859093203
"867",313,2023-02-28 19:00:00,39,15,110145,46.0999984741211,45489,71.1999969482422,1.39999997615814,39.7000007629395,55.7999992370605,66.2283859093203
"868",313,2023-03-31 20:00:00,18,10,110145,46.0999984741211,45489,71.1999969482422,1.39999997615814,39.7000007629395,55.7999992370605,66.2283859093203
"869",313,2023-04-30 20:00:00,27,14,110145,46.0999984741211,45489,71.1999969482422,1.39999997615814,39.7000007629395,55.7999992370605,66.2283859093203
"870",313,2023-05-31 20:00:00,30,15,110145,46.0999984741211,45489,71.1999969482422,1.39999997615814,39.7000007629395,55.7999992370605,66.2283859093203
"871",313,2023-06-30 20:00:00,24,12,110145,46.0999984741211,45489,71.1999969482422,1.39999997615814,39.7000007629395,55.7999992370605,66.2283859093203
"872",313,2023-07-31 20:00:00,19,12,110145,46.0999984741211,45489,71.1999969482422,1.39999997615814,39.7000007629395,55.7999992370605,66.2283859093203
"873",313,2023-08-31 20:00:00,7,4,110145,46.0999984741211,45489,71.1999969482422,1.39999997615814,39.7000007629395,55.7999992370605,66.2283859093203
"874",313,2023-09-30 20:00:00,11,4,110145,46.0999984741211,45489,71.1999969482422,1.39999997615814,39.7000007629395,55.7999992370605,66.2283859093203
"875",313,2023-10-31 20:00:00,23,14,110145,46.0999984741211,45489,71.1999969482422,1.39999997615814,39.7000007629395,55.7999992370605,66.2283859093203
"876",313,2023-11-30 19:00:00,19,9,110145,46.0999984741211,45489,71.1999969482422,1.39999997615814,39.7000007629395,55.7999992370605,66.2283859093203
"877",313,2023-12-31 19:00:00,31,18,110145,46.0999984741211,45489,71.1999969482422,1.39999997615814,39.7000007629395,55.7999992370605,66.2283859093203
"878",313,2024-01-31 19:00:00,16,8,110145,46.0999984741211,45489,71.1999969482422,1.39999997615814,39.7000007629395,55.7999992370605,66.2283859093203
"879",313,2024-02-29 19:00:00,37,18,110145,46.0999984741211,45489,71.1999969482422,1.39999997615814,39.7000007629395,55.7999992370605,66.2283859093203
"880",313,2024-03-31 20:00:00,20,9,110145,46.0999984741211,45489,71.1999969482422,1.39999997615814,39.7000007629395,55.7999992370605,66.2283859093203
"881",313,2024-04-30 20:00:00,34,14,110145,46.0999984741211,45489,71.1999969482422,1.39999997615814,39.7000007629395,55.7999992370605,66.2283859093203
"882",313,2024-05-31 20:00:00,22,5,110145,46.0999984741211,45489,71.1999969482422,1.39999997615814,39.7000007629395,55.7999992370605,66.2283859093203
"883",313,2024-06-30 20:00:00,26,16,110145,46.0999984741211,45489,71.1999969482422,1.39999997615814,39.7000007629395,55.7999992370605,66.2283859093203
"884",313,2024-07-31 20:00:00,3,1,110145,46.0999984741211,45489,71.1999969482422,1.39999997615814,39.7000007629395,55.7999992370605,66.2283859093203
"885",313,2024-08-31 20:00:00,11,9,110145,46.0999984741211,45489,71.1999969482422,1.39999997615814,39.7000007629395,55.7999992370605,66.2283859093203
"886",313,2024-09-30 20:00:00,16,6,110145,46.0999984741211,45489,71.1999969482422,1.39999997615814,39.7000007629395,55.7999992370605,66.2283859093203
"887",313,2024-10-31 20:00:00,18,7,110145,46.0999984741211,45489,71.1999969482422,1.39999997615814,39.7000007629395,55.7999992370605,66.2283859093203
"888",313,2024-11-30 19:00:00,76,34,110145,46.0999984741211,45489,71.1999969482422,1.39999997615814,39.7000007629395,55.7999992370605,66.2283859093203
"889",314,2022-12-31 19:00:00,45,18,159561,37.4000015258789,80062,76,2.5,43.4000015258789,41.0999984741211,80.0911314595955
"890",314,2023-01-31 19:00:00,49,21,159561,37.4000015258789,80062,76,2.5,43.4000015258789,41.0999984741211,80.0911314595955
"891",314,2023-02-28 19:00:00,52,20,159561,37.4000015258789,80062,76,2.5,43.4000015258789,41.0999984741211,80.0911314595955
"892",314,2023-03-31 20:00:00,32,16,159561,37.4000015258789,80062,76,2.5,43.4000015258789,41.0999984741211,80.0911314595955
"893",314,2023-04-30 20:00:00,46,13,159561,37.4000015258789,80062,76,2.5,43.4000015258789,41.0999984741211,80.0911314595955
"894",314,2023-05-31 20:00:00,57,33,159561,37.4000015258789,80062,76,2.5,43.4000015258789,41.0999984741211,80.0911314595955
"895",314,2023-06-30 20:00:00,67,34,159561,37.4000015258789,80062,76,2.5,43.4000015258789,41.0999984741211,80.0911314595955
"896",314,2023-07-31 20:00:00,27,11,159561,37.4000015258789,80062,76,2.5,43.4000015258789,41.0999984741211,80.0911314595955
"897",314,2023-08-31 20:00:00,27,18,159561,37.4000015258789,80062,76,2.5,43.4000015258789,41.0999984741211,80.0911314595955
"898",314,2023-09-30 20:00:00,28,12,159561,37.4000015258789,80062,76,2.5,43.4000015258789,41.0999984741211,80.0911314595955
"899",314,2023-10-31 20:00:00,24,10,159561,37.4000015258789,80062,76,2.5,43.4000015258789,41.0999984741211,80.0911314595955
"900",314,2023-11-30 19:00:00,26,10,159561,37.4000015258789,80062,76,2.5,43.4000015258789,41.0999984741211,80.0911314595955
"901",314,2023-12-31 19:00:00,18,8,159561,37.4000015258789,80062,76,2.5,43.4000015258789,41.0999984741211,80.0911314595955
"902",314,2024-01-31 19:00:00,46,26,159561,37.4000015258789,80062,76,2.5,43.4000015258789,41.0999984741211,80.0911314595955
"903",314,2024-02-29 19:00:00,44,24,159561,37.4000015258789,80062,76,2.5,43.4000015258789,41.0999984741211,80.0911314595955
"904",314,2024-03-31 20:00:00,43,28,159561,37.4000015258789,80062,76,2.5,43.4000015258789,41.0999984741211,80.0911314595955
"905",314,2024-04-30 20:00:00,31,27,159561,37.4000015258789,80062,76,2.5,43.4000015258789,41.0999984741211,80.0911314595955
"906",314,2024-05-31 20:00:00,19,9,159561,37.4000015258789,80062,76,2.5,43.4000015258789,41.0999984741211,80.0911314595955
"907",314,2024-06-30 20:00:00,47,27,159561,37.4000015258789,80062,76,2.5,43.4000015258789,41.0999984741211,80.0911314595955
"908",314,2024-07-31 20:00:00,23,10,159561,37.4000015258789,80062,76,2.5,43.4000015258789,41.0999984741211,80.0911314595955
"909",314,2024-08-31 20:00:00,25,11,159561,37.4000015258789,80062,76,2.5,43.4000015258789,41.0999984741211,80.0911314595955
"910",314,2024-09-30 20:00:00,7,4,159561,37.4000015258789,80062,76,2.5,43.4000015258789,41.0999984741211,80.0911314595955
"911",314,2024-10-31 20:00:00,23,5,159561,37.4000015258789,80062,76,2.5,43.4000015258789,41.0999984741211,80.0911314595955
"912",314,2024-11-30 19:00:00,39,19,159561,37.4000015258789,80062,76,2.5,43.4000015258789,41.0999984741211,80.0911314595955
"913",315,2022-12-31 19:00:00,53,24,156462,41.5999984741211,74164,55.2000007629395,3.90000009536743,42.2999992370605,48.2999992370605,138.233742997429
"914",315,2023-01-31 19:00:00,89,41,156462,41.5999984741211,74164,55.2000007629395,3.90000009536743,42.2999992370605,48.2999992370605,138.233742997429
"915",315,2023-02-28 19:00:00,93,37,156462,41.5999984741211,74164,55.2000007629395,3.90000009536743,42.2999992370605,48.2999992370605,138.233742997429
"916",315,2023-03-31 20:00:00,28,10,156462,41.5999984741211,74164,55.2000007629395,3.90000009536743,42.2999992370605,48.2999992370605,138.233742997429
"917",315,2023-04-30 20:00:00,48,29,156462,41.5999984741211,74164,55.2000007629395,3.90000009536743,42.2999992370605,48.2999992370605,138.233742997429
"918",315,2023-05-31 20:00:00,63,36,156462,41.5999984741211,74164,55.2000007629395,3.90000009536743,42.2999992370605,48.2999992370605,138.233742997429
"919",315,2023-06-30 20:00:00,43,31,156462,41.5999984741211,74164,55.2000007629395,3.90000009536743,42.2999992370605,48.2999992370605,138.233742997429
"920",315,2023-07-31 20:00:00,28,17,156462,41.5999984741211,74164,55.2000007629395,3.90000009536743,42.2999992370605,48.2999992370605,138.233742997429
"921",315,2023-08-31 20:00:00,10,7,156462,41.5999984741211,74164,55.2000007629395,3.90000009536743,42.2999992370605,48.2999992370605,138.233742997429
"922",315,2023-09-30 20:00:00,24,14,156462,41.5999984741211,74164,55.2000007629395,3.90000009536743,42.2999992370605,48.2999992370605,138.233742997429
"923",315,2023-10-31 20:00:00,20,11,156462,41.5999984741211,74164,55.2000007629395,3.90000009536743,42.2999992370605,48.2999992370605,138.233742997429
"924",315,2023-11-30 19:00:00,51,18,156462,41.5999984741211,74164,55.2000007629395,3.90000009536743,42.2999992370605,48.2999992370605,138.233742997429
"925",315,2023-12-31 19:00:00,35,21,156462,41.5999984741211,74164,55.2000007629395,3.90000009536743,42.2999992370605,48.2999992370605,138.233742997429
"926",315,2024-01-31 19:00:00,22,10,156462,41.5999984741211,74164,55.2000007629395,3.90000009536743,42.2999992370605,48.2999992370605,138.233742997429
"927",315,2024-02-29 19:00:00,77,43,156462,41.5999984741211,74164,55.2000007629395,3.90000009536743,42.2999992370605,48.2999992370605,138.233742997429
"928",315,2024-03-31 20:00:00,36,23,156462,41.5999984741211,74164,55.2000007629395,3.90000009536743,42.2999992370605,48.2999992370605,138.233742997429
"929",315,2024-04-30 20:00:00,41,25,156462,41.5999984741211,74164,55.2000007629395,3.90000009536743,42.2999992370605,48.2999992370605,138.233742997429
"930",315,2024-05-31 20:00:00,30,19,156462,41.5999984741211,74164,55.2000007629395,3.90000009536743,42.2999992370605,48.2999992370605,138.233742997429
"931",315,2024-06-30 20:00:00,33,23,156462,41.5999984741211,74164,55.2000007629395,3.90000009536743,42.2999992370605,48.2999992370605,138.233742997429
"932",315,2024-07-31 20:00:00,19,9,156462,41.5999984741211,74164,55.2000007629395,3.90000009536743,42.2999992370605,48.2999992370605,138.233742997429
"933",315,2024-08-31 20:00:00,29,17,156462,41.5999984741211,74164,55.2000007629395,3.90000009536743,42.2999992370605,48.2999992370605,138.233742997429
"934",315,2024-09-30 20:00:00,7,3,156462,41.5999984741211,74164,55.2000007629395,3.90000009536743,42.2999992370605,48.2999992370605,138.233742997429
"935",315,2024-10-31 20:00:00,15,9,156462,41.5999984741211,74164,55.2000007629395,3.90000009536743,42.2999992370605,48.2999992370605,138.233742997429
"936",315,2024-11-30 19:00:00,29,17,156462,41.5999984741211,74164,55.2000007629395,3.90000009536743,42.2999992370605,48.2999992370605,138.233742997429
"937",316,2022-12-31 19:00:00,24,13,97145,34.0999984741211,42086,83.5,1.5,19.7999992370605,28.7000007629395,55.0828715627589
"938",316,2023-01-31 19:00:00,52,21,97145,34.0999984741211,42086,83.5,1.5,19.7999992370605,28.7000007629395,55.0828715627589
"939",316,2023-02-28 19:00:00,53,24,97145,34.0999984741211,42086,83.5,1.5,19.7999992370605,28.7000007629395,55.0828715627589
"940",316,2023-03-31 20:00:00,5,2,97145,34.0999984741211,42086,83.5,1.5,19.7999992370605,28.7000007629395,55.0828715627589
"941",316,2023-04-30 20:00:00,3,6,97145,34.0999984741211,42086,83.5,1.5,19.7999992370605,28.7000007629395,55.0828715627589
"942",316,2023-05-31 20:00:00,12,2,97145,34.0999984741211,42086,83.5,1.5,19.7999992370605,28.7000007629395,55.0828715627589
"943",316,2023-06-30 20:00:00,10,8,97145,34.0999984741211,42086,83.5,1.5,19.7999992370605,28.7000007629395,55.0828715627589
"944",316,2023-07-31 20:00:00,12,6,97145,34.0999984741211,42086,83.5,1.5,19.7999992370605,28.7000007629395,55.0828715627589
"945",316,2023-08-31 20:00:00,8,8,97145,34.0999984741211,42086,83.5,1.5,19.7999992370605,28.7000007629395,55.0828715627589
"946",316,2023-09-30 20:00:00,5,4,97145,34.0999984741211,42086,83.5,1.5,19.7999992370605,28.7000007629395,55.0828715627589
"947",316,2023-10-31 20:00:00,14,5,97145,34.0999984741211,42086,83.5,1.5,19.7999992370605,28.7000007629395,55.0828715627589
"948",316,2023-11-30 19:00:00,19,8,97145,34.0999984741211,42086,83.5,1.5,19.7999992370605,28.7000007629395,55.0828715627589
"949",316,2023-12-31 19:00:00,7,4,97145,34.0999984741211,42086,83.5,1.5,19.7999992370605,28.7000007629395,55.0828715627589
"950",316,2024-01-31 19:00:00,30,14,97145,34.0999984741211,42086,83.5,1.5,19.7999992370605,28.7000007629395,55.0828715627589
"951",316,2024-02-29 19:00:00,22,11,97145,34.0999984741211,42086,83.5,1.5,19.7999992370605,28.7000007629395,55.0828715627589
"952",316,2024-03-31 20:00:00,27,12,97145,34.0999984741211,42086,83.5,1.5,19.7999992370605,28.7000007629395,55.0828715627589
"953",316,2024-04-30 20:00:00,14,8,97145,34.0999984741211,42086,83.5,1.5,19.7999992370605,28.7000007629395,55.0828715627589
"954",316,2024-05-31 20:00:00,5,3,97145,34.0999984741211,42086,83.5,1.5,19.7999992370605,28.7000007629395,55.0828715627589
"955",316,2024-06-30 20:00:00,19,10,97145,34.0999984741211,42086,83.5,1.5,19.7999992370605,28.7000007629395,55.0828715627589
"956",316,2024-07-31 20:00:00,12,6,97145,34.0999984741211,42086,83.5,1.5,19.7999992370605,28.7000007629395,55.0828715627589
"957",316,2024-08-31 20:00:00,9,2,97145,34.0999984741211,42086,83.5,1.5,19.7999992370605,28.7000007629395,55.0828715627589
"958",316,2024-09-30 20:00:00,8,2,97145,34.0999984741211,42086,83.5,1.5,19.7999992370605,28.7000007629395,55.0828715627589
"959",316,2024-10-31 20:00:00,15,5,97145,34.0999984741211,42086,83.5,1.5,19.7999992370605,28.7000007629395,55.0828715627589
"960",316,2024-11-30 19:00:00,22,9,97145,34.0999984741211,42086,83.5,1.5,19.7999992370605,28.7000007629395,55.0828715627589
"961",317,2022-12-31 19:00:00,36,17,157180,40,68394,70.1999969482422,4.5,27.6000003814697,47.5,90.8167704784324
"962",317,2023-01-31 19:00:00,61,39,157180,40,68394,70.1999969482422,4.5,27.6000003814697,47.5,90.8167704784324
"963",317,2023-02-28 19:00:00,53,20,157180,40,68394,70.1999969482422,4.5,27.6000003814697,47.5,90.8167704784324
"964",317,2023-03-31 20:00:00,14,8,157180,40,68394,70.1999969482422,4.5,27.6000003814697,47.5,90.8167704784324
"965",317,2023-04-30 20:00:00,15,7,157180,40,68394,70.1999969482422,4.5,27.6000003814697,47.5,90.8167704784324
"966",317,2023-05-31 20:00:00,35,24,157180,40,68394,70.1999969482422,4.5,27.6000003814697,47.5,90.8167704784324
"967",317,2023-06-30 20:00:00,27,15,157180,40,68394,70.1999969482422,4.5,27.6000003814697,47.5,90.8167704784324
"968",317,2023-07-31 20:00:00,25,15,157180,40,68394,70.1999969482422,4.5,27.6000003814697,47.5,90.8167704784324
"969",317,2023-08-31 20:00:00,37,21,157180,40,68394,70.1999969482422,4.5,27.6000003814697,47.5,90.8167704784324
"970",317,2023-09-30 20:00:00,20,11,157180,40,68394,70.1999969482422,4.5,27.6000003814697,47.5,90.8167704784324
"971",317,2023-10-31 20:00:00,12,5,157180,40,68394,70.1999969482422,4.5,27.6000003814697,47.5,90.8167704784324
"972",317,2023-11-30 19:00:00,24,9,157180,40,68394,70.1999969482422,4.5,27.6000003814697,47.5,90.8167704784324
"973",317,2023-12-31 19:00:00,31,14,157180,40,68394,70.1999969482422,4.5,27.6000003814697,47.5,90.8167704784324
"974",317,2024-01-31 19:00:00,42,15,157180,40,68394,70.1999969482422,4.5,27.6000003814697,47.5,90.8167704784324
"975",317,2024-02-29 19:00:00,69,33,157180,40,68394,70.1999969482422,4.5,27.6000003814697,47.5,90.8167704784324
"976",317,2024-03-31 20:00:00,36,21,157180,40,68394,70.1999969482422,4.5,27.6000003814697,47.5,90.8167704784324
"977",317,2024-04-30 20:00:00,17,6,157180,40,68394,70.1999969482422,4.5,27.6000003814697,47.5,90.8167704784324
"978",317,2024-05-31 20:00:00,27,14,157180,40,68394,70.1999969482422,4.5,27.6000003814697,47.5,90.8167704784324
"979",317,2024-06-30 20:00:00,22,8,157180,40,68394,70.1999969482422,4.5,27.6000003814697,47.5,90.8167704784324
"980",317,2024-07-31 20:00:00,26,7,157180,40,68394,70.1999969482422,4.5,27.6000003814697,47.5,90.8167704784324
"981",317,2024-08-31 20:00:00,25,12,157180,40,68394,70.1999969482422,4.5,27.6000003814697,47.5,90.8167704784324
"982",317,2024-09-30 20:00:00,12,5,157180,40,68394,70.1999969482422,4.5,27.6000003814697,47.5,90.8167704784324
"983",317,2024-10-31 20:00:00,17,8,157180,40,68394,70.1999969482422,4.5,27.6000003814697,47.5,90.8167704784324
"984",317,2024-11-30 19:00:00,70,30,157180,40,68394,70.1999969482422,4.5,27.6000003814697,47.5,90.8167704784324
"985",318,2022-12-31 19:00:00,73,33,192709,41.7000007629395,86729,41.4000015258789,3.79999995231628,34,39.9000015258789,191.247311720232
"986",318,2023-01-31 19:00:00,133,67,192709,41.7000007629395,86729,41.4000015258789,3.79999995231628,34,39.9000015258789,191.247311720232
"987",318,2023-02-28 19:00:00,86,39,192709,41.7000007629395,86729,41.4000015258789,3.79999995231628,34,39.9000015258789,191.247311720232
"988",318,2023-03-31 20:00:00,299,17,192709,41.7000007629395,86729,41.4000015258789,3.79999995231628,34,39.9000015258789,191.247311720232
"989",318,2023-04-30 20:00:00,107,35,192709,41.7000007629395,86729,41.4000015258789,3.79999995231628,34,39.9000015258789,191.247311720232
"990",318,2023-05-31 20:00:00,56,25,192709,41.7000007629395,86729,41.4000015258789,3.79999995231628,34,39.9000015258789,191.247311720232
"991",318,2023-06-30 20:00:00,47,25,192709,41.7000007629395,86729,41.4000015258789,3.79999995231628,34,39.9000015258789,191.247311720232
"992",318,2023-07-31 20:00:00,51,36,192709,41.7000007629395,86729,41.4000015258789,3.79999995231628,34,39.9000015258789,191.247311720232
"993",318,2023-08-31 20:00:00,32,23,192709,41.7000007629395,86729,41.4000015258789,3.79999995231628,34,39.9000015258789,191.247311720232
"994",318,2023-09-30 20:00:00,33,14,192709,41.7000007629395,86729,41.4000015258789,3.79999995231628,34,39.9000015258789,191.247311720232
"995",318,2023-10-31 20:00:00,29,13,192709,41.7000007629395,86729,41.4000015258789,3.79999995231628,34,39.9000015258789,191.247311720232
"996",318,2023-11-30 19:00:00,56,17,192709,41.7000007629395,86729,41.4000015258789,3.79999995231628,34,39.9000015258789,191.247311720232
"997",318,2023-12-31 19:00:00,83,34,192709,41.7000007629395,86729,41.4000015258789,3.79999995231628,34,39.9000015258789,191.247311720232
"998",318,2024-01-31 19:00:00,75,29,192709,41.7000007629395,86729,41.4000015258789,3.79999995231628,34,39.9000015258789,191.247311720232
"999",318,2024-02-29 19:00:00,74,31,192709,41.7000007629395,86729,41.4000015258789,3.79999995231628,34,39.9000015258789,191.247311720232
"1000",318,2024-03-31 20:00:00,95,42,192709,41.7000007629395,86729,41.4000015258789,3.79999995231628,34,39.9000015258789,191.247311720232
"1001",318,2024-04-30 20:00:00,50,25,192709,41.7000007629395,86729,41.4000015258789,3.79999995231628,34,39.9000015258789,191.247311720232
"1002",318,2024-05-31 20:00:00,71,31,192709,41.7000007629395,86729,41.4000015258789,3.79999995231628,34,39.9000015258789,191.247311720232
"1003",318,2024-06-30 20:00:00,66,33,192709,41.7000007629395,86729,41.4000015258789,3.79999995231628,34,39.9000015258789,191.247311720232
"1004",318,2024-07-31 20:00:00,24,4,192709,41.7000007629395,86729,41.4000015258789,3.79999995231628,34,39.9000015258789,191.247311720232
"1005",318,2024-08-31 20:00:00,43,21,192709,41.7000007629395,86729,41.4000015258789,3.79999995231628,34,39.9000015258789,191.247311720232
"1006",318,2024-09-30 20:00:00,29,19,192709,41.7000007629395,86729,41.4000015258789,3.79999995231628,34,39.9000015258789,191.247311720232
"1007",318,2024-10-31 20:00:00,29,13,192709,41.7000007629395,86729,41.4000015258789,3.79999995231628,34,39.9000015258789,191.247311720232
"1008",318,2024-11-30 19:00:00,157,70,192709,41.7000007629395,86729,41.4000015258789,3.79999995231628,34,39.9000015258789,191.247311720232
"1009",401,2022-12-31 19:00:00,113,75,179054,36.5999984741211,90640,80.8000030517578,3.20000004768372,50.5,36.5999984741211,155.372807777245
"1010",401,2023-01-31 19:00:00,126,93,179054,36.5999984741211,90640,80.8000030517578,3.20000004768372,50.5,36.5999984741211,155.372807777245
"1011",401,2023-02-28 19:00:00,86,59,179054,36.5999984741211,90640,80.8000030517578,3.20000004768372,50.5,36.5999984741211,155.372807777245
"1012",401,2023-03-31 20:00:00,79,41,179054,36.5999984741211,90640,80.8000030517578,3.20000004768372,50.5,36.5999984741211,155.372807777245
"1013",401,2023-04-30 20:00:00,98,45,179054,36.5999984741211,90640,80.8000030517578,3.20000004768372,50.5,36.5999984741211,155.372807777245
"1014",401,2023-05-31 20:00:00,113,74,179054,36.5999984741211,90640,80.8000030517578,3.20000004768372,50.5,36.5999984741211,155.372807777245
"1015",401,2023-06-30 20:00:00,74,48,179054,36.5999984741211,90640,80.8000030517578,3.20000004768372,50.5,36.5999984741211,155.372807777245
"1016",401,2023-07-31 20:00:00,68,33,179054,36.5999984741211,90640,80.8000030517578,3.20000004768372,50.5,36.5999984741211,155.372807777245
"1017",401,2023-08-31 20:00:00,66,38,179054,36.5999984741211,90640,80.8000030517578,3.20000004768372,50.5,36.5999984741211,155.372807777245
"1018",401,2023-09-30 20:00:00,43,22,179054,36.5999984741211,90640,80.8000030517578,3.20000004768372,50.5,36.5999984741211,155.372807777245
"1019",401,2023-10-31 20:00:00,100,47,179054,36.5999984741211,90640,80.8000030517578,3.20000004768372,50.5,36.5999984741211,155.372807777245
"1020",401,2023-11-30 19:00:00,83,56,179054,36.5999984741211,90640,80.8000030517578,3.20000004768372,50.5,36.5999984741211,155.372807777245
"1021",401,2023-12-31 19:00:00,74,42,179054,36.5999984741211,90640,80.8000030517578,3.20000004768372,50.5,36.5999984741211,155.372807777245
"1022",401,2024-01-31 19:00:00,80,39,179054,36.5999984741211,90640,80.8000030517578,3.20000004768372,50.5,36.5999984741211,155.372807777245
"1023",401,2024-02-29 19:00:00,95,44,179054,36.5999984741211,90640,80.8000030517578,3.20000004768372,50.5,36.5999984741211,155.372807777245
"1024",401,2024-03-31 20:00:00,180,68,179054,36.5999984741211,90640,80.8000030517578,3.20000004768372,50.5,36.5999984741211,155.372807777245
"1025",401,2024-04-30 20:00:00,143,43,179054,36.5999984741211,90640,80.8000030517578,3.20000004768372,50.5,36.5999984741211,155.372807777245
"1026",401,2024-05-31 20:00:00,74,26,179054,36.5999984741211,90640,80.8000030517578,3.20000004768372,50.5,36.5999984741211,155.372807777245
"1027",401,2024-06-30 20:00:00,85,34,179054,36.5999984741211,90640,80.8000030517578,3.20000004768372,50.5,36.5999984741211,155.372807777245
"1028",401,2024-07-31 20:00:00,99,45,179054,36.5999984741211,90640,80.8000030517578,3.20000004768372,50.5,36.5999984741211,155.372807777245
"1029",401,2024-08-31 20:00:00,67,28,179054,36.5999984741211,90640,80.8000030517578,3.20000004768372,50.5,36.5999984741211,155.372807777245
"1030",401,2024-09-30 20:00:00,45,20,179054,36.5999984741211,90640,80.8000030517578,3.20000004768372,50.5,36.5999984741211,155.372807777245
"1031",401,2024-10-31 20:00:00,58,37,179054,36.5999984741211,90640,80.8000030517578,3.20000004768372,50.5,36.5999984741211,155.372807777245
"1032",401,2024-11-30 19:00:00,106,69,179054,36.5999984741211,90640,80.8000030517578,3.20000004768372,50.5,36.5999984741211,155.372807777245
"1033",402,2022-12-31 19:00:00,99,45,123823,37.7999992370605,93496,75,3.79999995231628,49.4000015258789,50.2999992370605,143.497826585848
"1034",402,2023-01-31 19:00:00,123,90,123823,37.7999992370605,93496,75,3.79999995231628,49.4000015258789,50.2999992370605,143.497826585848
"1035",402,2023-02-28 19:00:00,94,60,123823,37.7999992370605,93496,75,3.79999995231628,49.4000015258789,50.2999992370605,143.497826585848
"1036",402,2023-03-31 20:00:00,56,37,123823,37.7999992370605,93496,75,3.79999995231628,49.4000015258789,50.2999992370605,143.497826585848
"1037",402,2023-04-30 20:00:00,53,33,123823,37.7999992370605,93496,75,3.79999995231628,49.4000015258789,50.2999992370605,143.497826585848
"1038",402,2023-05-31 20:00:00,78,51,123823,37.7999992370605,93496,75,3.79999995231628,49.4000015258789,50.2999992370605,143.497826585848
"1039",402,2023-06-30 20:00:00,64,38,123823,37.7999992370605,93496,75,3.79999995231628,49.4000015258789,50.2999992370605,143.497826585848
"1040",402,2023-07-31 20:00:00,36,20,123823,37.7999992370605,93496,75,3.79999995231628,49.4000015258789,50.2999992370605,143.497826585848
"1041",402,2023-08-31 20:00:00,28,15,123823,37.7999992370605,93496,75,3.79999995231628,49.4000015258789,50.2999992370605,143.497826585848
"1042",402,2023-09-30 20:00:00,59,28,123823,37.7999992370605,93496,75,3.79999995231628,49.4000015258789,50.2999992370605,143.497826585848
"1043",402,2023-10-31 20:00:00,36,14,123823,37.7999992370605,93496,75,3.79999995231628,49.4000015258789,50.2999992370605,143.497826585848
"1044",402,2023-11-30 19:00:00,61,30,123823,37.7999992370605,93496,75,3.79999995231628,49.4000015258789,50.2999992370605,143.497826585848
"1045",402,2023-12-31 19:00:00,52,27,123823,37.7999992370605,93496,75,3.79999995231628,49.4000015258789,50.2999992370605,143.497826585848
"1046",402,2024-01-31 19:00:00,94,38,123823,37.7999992370605,93496,75,3.79999995231628,49.4000015258789,50.2999992370605,143.497826585848
"1047",402,2024-02-29 19:00:00,150,56,123823,37.7999992370605,93496,75,3.79999995231628,49.4000015258789,50.2999992370605,143.497826585848
"1048",402,2024-03-31 20:00:00,145,41,123823,37.7999992370605,93496,75,3.79999995231628,49.4000015258789,50.2999992370605,143.497826585848
"1049",402,2024-04-30 20:00:00,109,30,123823,37.7999992370605,93496,75,3.79999995231628,49.4000015258789,50.2999992370605,143.497826585848
"1050",402,2024-05-31 20:00:00,76,26,123823,37.7999992370605,93496,75,3.79999995231628,49.4000015258789,50.2999992370605,143.497826585848
"1051",402,2024-06-30 20:00:00,75,22,123823,37.7999992370605,93496,75,3.79999995231628,49.4000015258789,50.2999992370605,143.497826585848
"1052",402,2024-07-31 20:00:00,63,25,123823,37.7999992370605,93496,75,3.79999995231628,49.4000015258789,50.2999992370605,143.497826585848
"1053",402,2024-08-31 20:00:00,59,16,123823,37.7999992370605,93496,75,3.79999995231628,49.4000015258789,50.2999992370605,143.497826585848
"1054",402,2024-09-30 20:00:00,62,34,123823,37.7999992370605,93496,75,3.79999995231628,49.4000015258789,50.2999992370605,143.497826585848
"1055",402,2024-10-31 20:00:00,47,33,123823,37.7999992370605,93496,75,3.79999995231628,49.4000015258789,50.2999992370605,143.497826585848
"1056",402,2024-11-30 19:00:00,87,41,123823,37.7999992370605,93496,75,3.79999995231628,49.4000015258789,50.2999992370605,143.497826585848
"1057",403,2022-12-31 19:00:00,59,23,161945,39.5,78398,62.2999992370605,3.29999995231628,25.6000003814697,59,98.0136740800737
"1058",403,2023-01-31 19:00:00,59,30,161945,39.5,78398,62.2999992370605,3.29999995231628,25.6000003814697,59,98.0136740800737
"1059",403,2023-02-28 19:00:00,77,39,161945,39.5,78398,62.2999992370605,3.29999995231628,25.6000003814697,59,98.0136740800737
"1060",403,2023-03-31 20:00:00,31,9,161945,39.5,78398,62.2999992370605,3.29999995231628,25.6000003814697,59,98.0136740800737
"1061",403,2023-04-30 20:00:00,45,20,161945,39.5,78398,62.2999992370605,3.29999995231628,25.6000003814697,59,98.0136740800737
"1062",403,2023-05-31 20:00:00,65,35,161945,39.5,78398,62.2999992370605,3.29999995231628,25.6000003814697,59,98.0136740800737
"1063",403,2023-06-30 20:00:00,56,31,161945,39.5,78398,62.2999992370605,3.29999995231628,25.6000003814697,59,98.0136740800737
"1064",403,2023-07-31 20:00:00,38,18,161945,39.5,78398,62.2999992370605,3.29999995231628,25.6000003814697,59,98.0136740800737
"1065",403,2023-08-31 20:00:00,20,7,161945,39.5,78398,62.2999992370605,3.29999995231628,25.6000003814697,59,98.0136740800737
"1066",403,2023-09-30 20:00:00,33,4,161945,39.5,78398,62.2999992370605,3.29999995231628,25.6000003814697,59,98.0136740800737
"1067",403,2023-10-31 20:00:00,34,12,161945,39.5,78398,62.2999992370605,3.29999995231628,25.6000003814697,59,98.0136740800737
"1068",403,2023-11-30 19:00:00,63,28,161945,39.5,78398,62.2999992370605,3.29999995231628,25.6000003814697,59,98.0136740800737
"1069",403,2023-12-31 19:00:00,29,14,161945,39.5,78398,62.2999992370605,3.29999995231628,25.6000003814697,59,98.0136740800737
"1070",403,2024-01-31 19:00:00,86,29,161945,39.5,78398,62.2999992370605,3.29999995231628,25.6000003814697,59,98.0136740800737
"1071",403,2024-02-29 19:00:00,78,23,161945,39.5,78398,62.2999992370605,3.29999995231628,25.6000003814697,59,98.0136740800737
"1072",403,2024-03-31 20:00:00,137,26,161945,39.5,78398,62.2999992370605,3.29999995231628,25.6000003814697,59,98.0136740800737
"1073",403,2024-04-30 20:00:00,96,15,161945,39.5,78398,62.2999992370605,3.29999995231628,25.6000003814697,59,98.0136740800737
"1074",403,2024-05-31 20:00:00,71,16,161945,39.5,78398,62.2999992370605,3.29999995231628,25.6000003814697,59,98.0136740800737
"1075",403,2024-06-30 20:00:00,58,18,161945,39.5,78398,62.2999992370605,3.29999995231628,25.6000003814697,59,98.0136740800737
"1076",403,2024-07-31 20:00:00,61,23,161945,39.5,78398,62.2999992370605,3.29999995231628,25.6000003814697,59,98.0136740800737
"1077",403,2024-08-31 20:00:00,37,10,161945,39.5,78398,62.2999992370605,3.29999995231628,25.6000003814697,59,98.0136740800737
"1078",403,2024-09-30 20:00:00,26,12,161945,39.5,78398,62.2999992370605,3.29999995231628,25.6000003814697,59,98.0136740800737
"1079",403,2024-10-31 20:00:00,33,19,161945,39.5,78398,62.2999992370605,3.29999995231628,25.6000003814697,59,98.0136740800737
"1080",403,2024-11-30 19:00:00,39,20,161945,39.5,78398,62.2999992370605,3.29999995231628,25.6000003814697,59,98.0136740800737
"1081",404,2022-12-31 19:00:00,59,51,168616,37.5999984741211,69434,75.0999984741211,2.09999990463257,24.5,63.2999992370605,76.294233902886
"1082",404,2023-01-31 19:00:00,32,30,168616,37.5999984741211,69434,75.0999984741211,2.09999990463257,24.5,63.2999992370605,76.294233902886
"1083",404,2023-02-28 19:00:00,50,35,168616,37.5999984741211,69434,75.0999984741211,2.09999990463257,24.5,63.2999992370605,76.294233902886
"1084",404,2023-03-31 20:00:00,40,20,168616,37.5999984741211,69434,75.0999984741211,2.09999990463257,24.5,63.2999992370605,76.294233902886
"1085",404,2023-04-30 20:00:00,43,21,168616,37.5999984741211,69434,75.0999984741211,2.09999990463257,24.5,63.2999992370605,76.294233902886
"1086",404,2023-05-31 20:00:00,43,32,168616,37.5999984741211,69434,75.0999984741211,2.09999990463257,24.5,63.2999992370605,76.294233902886
"1087",404,2023-06-30 20:00:00,56,29,168616,37.5999984741211,69434,75.0999984741211,2.09999990463257,24.5,63.2999992370605,76.294233902886
"1088",404,2023-07-31 20:00:00,37,11,168616,37.5999984741211,69434,75.0999984741211,2.09999990463257,24.5,63.2999992370605,76.294233902886
"1089",404,2023-08-31 20:00:00,25,14,168616,37.5999984741211,69434,75.0999984741211,2.09999990463257,24.5,63.2999992370605,76.294233902886
"1090",404,2023-09-30 20:00:00,36,23,168616,37.5999984741211,69434,75.0999984741211,2.09999990463257,24.5,63.2999992370605,76.294233902886
"1091",404,2023-10-31 20:00:00,35,21,168616,37.5999984741211,69434,75.0999984741211,2.09999990463257,24.5,63.2999992370605,76.294233902886
"1092",404,2023-11-30 19:00:00,36,39,168616,37.5999984741211,69434,75.0999984741211,2.09999990463257,24.5,63.2999992370605,76.294233902886
"1093",404,2023-12-31 19:00:00,24,16,168616,37.5999984741211,69434,75.0999984741211,2.09999990463257,24.5,63.2999992370605,76.294233902886
"1094",404,2024-01-31 19:00:00,34,31,168616,37.5999984741211,69434,75.0999984741211,2.09999990463257,24.5,63.2999992370605,76.294233902886
"1095",404,2024-02-29 19:00:00,66,26,168616,37.5999984741211,69434,75.0999984741211,2.09999990463257,24.5,63.2999992370605,76.294233902886
"1096",404,2024-03-31 20:00:00,98,23,168616,37.5999984741211,69434,75.0999984741211,2.09999990463257,24.5,63.2999992370605,76.294233902886
"1097",404,2024-04-30 20:00:00,83,21,168616,37.5999984741211,69434,75.0999984741211,2.09999990463257,24.5,63.2999992370605,76.294233902886
"1098",404,2024-05-31 20:00:00,61,22,168616,37.5999984741211,69434,75.0999984741211,2.09999990463257,24.5,63.2999992370605,76.294233902886
"1099",404,2024-06-30 20:00:00,45,16,168616,37.5999984741211,69434,75.0999984741211,2.09999990463257,24.5,63.2999992370605,76.294233902886
"1100",404,2024-07-31 20:00:00,36,14,168616,37.5999984741211,69434,75.0999984741211,2.09999990463257,24.5,63.2999992370605,76.294233902886
"1101",404,2024-08-31 20:00:00,22,16,168616,37.5999984741211,69434,75.0999984741211,2.09999990463257,24.5,63.2999992370605,76.294233902886
"1102",404,2024-09-30 20:00:00,25,15,168616,37.5999984741211,69434,75.0999984741211,2.09999990463257,24.5,63.2999992370605,76.294233902886
"1103",404,2024-10-31 20:00:00,22,16,168616,37.5999984741211,69434,75.0999984741211,2.09999990463257,24.5,63.2999992370605,76.294233902886
"1104",404,2024-11-30 19:00:00,27,16,168616,37.5999984741211,69434,75.0999984741211,2.09999990463257,24.5,63.2999992370605,76.294233902886
"1105",405,2022-12-31 19:00:00,113,51,181189,39,87674,59.0999984741211,3.09999990463257,32.5999984741211,39.2000007629395,171.091440269448
"1106",405,2023-01-31 19:00:00,114,55,181189,39,87674,59.0999984741211,3.09999990463257,32.5999984741211,39.2000007629395,171.091440269448
"1107",405,2023-02-28 19:00:00,118,78,181189,39,87674,59.0999984741211,3.09999990463257,32.5999984741211,39.2000007629395,171.091440269448
"1108",405,2023-03-31 20:00:00,51,23,181189,39,87674,59.0999984741211,3.09999990463257,32.5999984741211,39.2000007629395,171.091440269448
"1109",405,2023-04-30 20:00:00,114,40,181189,39,87674,59.0999984741211,3.09999990463257,32.5999984741211,39.2000007629395,171.091440269448
"1110",405,2023-05-31 20:00:00,108,48,181189,39,87674,59.0999984741211,3.09999990463257,32.5999984741211,39.2000007629395,171.091440269448
"1111",405,2023-06-30 20:00:00,87,43,181189,39,87674,59.0999984741211,3.09999990463257,32.5999984741211,39.2000007629395,171.091440269448
"1112",405,2023-07-31 20:00:00,65,28,181189,39,87674,59.0999984741211,3.09999990463257,32.5999984741211,39.2000007629395,171.091440269448
"1113",405,2023-08-31 20:00:00,65,17,181189,39,87674,59.0999984741211,3.09999990463257,32.5999984741211,39.2000007629395,171.091440269448
"1114",405,2023-09-30 20:00:00,69,29,181189,39,87674,59.0999984741211,3.09999990463257,32.5999984741211,39.2000007629395,171.091440269448
"1115",405,2023-10-31 20:00:00,46,19,181189,39,87674,59.0999984741211,3.09999990463257,32.5999984741211,39.2000007629395,171.091440269448
"1116",405,2023-11-30 19:00:00,59,32,181189,39,87674,59.0999984741211,3.09999990463257,32.5999984741211,39.2000007629395,171.091440269448
"1117",405,2023-12-31 19:00:00,49,24,181189,39,87674,59.0999984741211,3.09999990463257,32.5999984741211,39.2000007629395,171.091440269448
"1118",405,2024-01-31 19:00:00,92,35,181189,39,87674,59.0999984741211,3.09999990463257,32.5999984741211,39.2000007629395,171.091440269448
"1119",405,2024-02-29 19:00:00,145,55,181189,39,87674,59.0999984741211,3.09999990463257,32.5999984741211,39.2000007629395,171.091440269448
"1120",405,2024-03-31 20:00:00,163,45,181189,39,87674,59.0999984741211,3.09999990463257,32.5999984741211,39.2000007629395,171.091440269448
"1121",405,2024-04-30 20:00:00,129,31,181189,39,87674,59.0999984741211,3.09999990463257,32.5999984741211,39.2000007629395,171.091440269448
"1122",405,2024-05-31 20:00:00,92,23,181189,39,87674,59.0999984741211,3.09999990463257,32.5999984741211,39.2000007629395,171.091440269448
"1123",405,2024-06-30 20:00:00,69,23,181189,39,87674,59.0999984741211,3.09999990463257,32.5999984741211,39.2000007629395,171.091440269448
"1124",405,2024-07-31 20:00:00,68,14,181189,39,87674,59.0999984741211,3.09999990463257,32.5999984741211,39.2000007629395,171.091440269448
"1125",405,2024-08-31 20:00:00,64,18,181189,39,87674,59.0999984741211,3.09999990463257,32.5999984741211,39.2000007629395,171.091440269448
"1126",405,2024-09-30 20:00:00,32,18,181189,39,87674,59.0999984741211,3.09999990463257,32.5999984741211,39.2000007629395,171.091440269448
"1127",405,2024-10-31 20:00:00,55,33,181189,39,87674,59.0999984741211,3.09999990463257,32.5999984741211,39.2000007629395,171.091440269448
"1128",405,2024-11-30 19:00:00,108,60,181189,39,87674,59.0999984741211,3.09999990463257,32.5999984741211,39.2000007629395,171.091440269448
"1129",406,2022-12-31 19:00:00,56,27,121131,43.7000007629395,97258,52.2999992370605,2.20000004768372,57.2999992370605,47.2000007629395,97.6605964465755
"1130",406,2023-01-31 19:00:00,61,27,121131,43.7000007629395,97258,52.2999992370605,2.20000004768372,57.2999992370605,47.2000007629395,97.6605964465755
"1131",406,2023-02-28 19:00:00,37,17,121131,43.7000007629395,97258,52.2999992370605,2.20000004768372,57.2999992370605,47.2000007629395,97.6605964465755
"1132",406,2023-03-31 20:00:00,30,10,121131,43.7000007629395,97258,52.2999992370605,2.20000004768372,57.2999992370605,47.2000007629395,97.6605964465755
"1133",406,2023-04-30 20:00:00,34,12,121131,43.7000007629395,97258,52.2999992370605,2.20000004768372,57.2999992370605,47.2000007629395,97.6605964465755
"1134",406,2023-05-31 20:00:00,60,31,121131,43.7000007629395,97258,52.2999992370605,2.20000004768372,57.2999992370605,47.2000007629395,97.6605964465755
"1135",406,2023-06-30 20:00:00,32,6,121131,43.7000007629395,97258,52.2999992370605,2.20000004768372,57.2999992370605,47.2000007629395,97.6605964465755
"1136",406,2023-07-31 20:00:00,33,14,121131,43.7000007629395,97258,52.2999992370605,2.20000004768372,57.2999992370605,47.2000007629395,97.6605964465755
"1137",406,2023-08-31 20:00:00,25,11,121131,43.7000007629395,97258,52.2999992370605,2.20000004768372,57.2999992370605,47.2000007629395,97.6605964465755
"1138",406,2023-09-30 20:00:00,18,7,121131,43.7000007629395,97258,52.2999992370605,2.20000004768372,57.2999992370605,47.2000007629395,97.6605964465755
"1139",406,2023-10-31 20:00:00,20,11,121131,43.7000007629395,97258,52.2999992370605,2.20000004768372,57.2999992370605,47.2000007629395,97.6605964465755
"1140",406,2023-11-30 19:00:00,41,17,121131,43.7000007629395,97258,52.2999992370605,2.20000004768372,57.2999992370605,47.2000007629395,97.6605964465755
"1141",406,2023-12-31 19:00:00,29,7,121131,43.7000007629395,97258,52.2999992370605,2.20000004768372,57.2999992370605,47.2000007629395,97.6605964465755
"1142",406,2024-01-31 19:00:00,70,29,121131,43.7000007629395,97258,52.2999992370605,2.20000004768372,57.2999992370605,47.2000007629395,97.6605964465755
"1143",406,2024-02-29 19:00:00,73,24,121131,43.7000007629395,97258,52.2999992370605,2.20000004768372,57.2999992370605,47.2000007629395,97.6605964465755
"1144",406,2024-03-31 20:00:00,83,12,121131,43.7000007629395,97258,52.2999992370605,2.20000004768372,57.2999992370605,47.2000007629395,97.6605964465755
"1145",406,2024-04-30 20:00:00,89,20,121131,43.7000007629395,97258,52.2999992370605,2.20000004768372,57.2999992370605,47.2000007629395,97.6605964465755
"1146",406,2024-05-31 20:00:00,57,17,121131,43.7000007629395,97258,52.2999992370605,2.20000004768372,57.2999992370605,47.2000007629395,97.6605964465755
"1147",406,2024-06-30 20:00:00,31,8,121131,43.7000007629395,97258,52.2999992370605,2.20000004768372,57.2999992370605,47.2000007629395,97.6605964465755
"1148",406,2024-07-31 20:00:00,43,7,121131,43.7000007629395,97258,52.2999992370605,2.20000004768372,57.2999992370605,47.2000007629395,97.6605964465755
"1149",406,2024-08-31 20:00:00,47,15,121131,43.7000007629395,97258,52.2999992370605,2.20000004768372,57.2999992370605,47.2000007629395,97.6605964465755
"1150",406,2024-09-30 20:00:00,29,16,121131,43.7000007629395,97258,52.2999992370605,2.20000004768372,57.2999992370605,47.2000007629395,97.6605964465755
"1151",406,2024-10-31 20:00:00,16,11,121131,43.7000007629395,97258,52.2999992370605,2.20000004768372,57.2999992370605,47.2000007629395,97.6605964465755
"1152",406,2024-11-30 19:00:00,43,27,121131,43.7000007629395,97258,52.2999992370605,2.20000004768372,57.2999992370605,47.2000007629395,97.6605964465755
"1153",407,2022-12-31 19:00:00,184,95,246517,46.9000015258789,71737,51.2000007629395,3.29999995231628,31.6000003814697,57.4000015258789,295.160774012108
"1154",407,2023-01-31 19:00:00,148,76,246517,46.9000015258789,71737,51.2000007629395,3.29999995231628,31.6000003814697,57.4000015258789,295.160774012108
"1155",407,2023-02-28 19:00:00,133,65,246517,46.9000015258789,71737,51.2000007629395,3.29999995231628,31.6000003814697,57.4000015258789,295.160774012108
"1156",407,2023-03-31 20:00:00,67,27,246517,46.9000015258789,71737,51.2000007629395,3.29999995231628,31.6000003814697,57.4000015258789,295.160774012108
"1157",407,2023-04-30 20:00:00,92,42,246517,46.9000015258789,71737,51.2000007629395,3.29999995231628,31.6000003814697,57.4000015258789,295.160774012108
"1158",407,2023-05-31 20:00:00,130,63,246517,46.9000015258789,71737,51.2000007629395,3.29999995231628,31.6000003814697,57.4000015258789,295.160774012108
"1159",407,2023-06-30 20:00:00,99,44,246517,46.9000015258789,71737,51.2000007629395,3.29999995231628,31.6000003814697,57.4000015258789,295.160774012108
"1160",407,2023-07-31 20:00:00,80,30,246517,46.9000015258789,71737,51.2000007629395,3.29999995231628,31.6000003814697,57.4000015258789,295.160774012108
"1161",407,2023-08-31 20:00:00,87,31,246517,46.9000015258789,71737,51.2000007629395,3.29999995231628,31.6000003814697,57.4000015258789,295.160774012108
"1162",407,2023-09-30 20:00:00,70,29,246517,46.9000015258789,71737,51.2000007629395,3.29999995231628,31.6000003814697,57.4000015258789,295.160774012108
"1163",407,2023-10-31 20:00:00,56,29,246517,46.9000015258789,71737,51.2000007629395,3.29999995231628,31.6000003814697,57.4000015258789,295.160774012108
"1164",407,2023-11-30 19:00:00,116,69,246517,46.9000015258789,71737,51.2000007629395,3.29999995231628,31.6000003814697,57.4000015258789,295.160774012108
"1165",407,2023-12-31 19:00:00,131,56,246517,46.9000015258789,71737,51.2000007629395,3.29999995231628,31.6000003814697,57.4000015258789,295.160774012108
"1166",407,2024-01-31 19:00:00,178,82,246517,46.9000015258789,71737,51.2000007629395,3.29999995231628,31.6000003814697,57.4000015258789,295.160774012108
"1167",407,2024-02-29 19:00:00,230,82,246517,46.9000015258789,71737,51.2000007629395,3.29999995231628,31.6000003814697,57.4000015258789,295.160774012108
"1168",407,2024-03-31 20:00:00,269,85,246517,46.9000015258789,71737,51.2000007629395,3.29999995231628,31.6000003814697,57.4000015258789,295.160774012108
"1169",407,2024-04-30 20:00:00,227,65,246517,46.9000015258789,71737,51.2000007629395,3.29999995231628,31.6000003814697,57.4000015258789,295.160774012108
"1170",407,2024-05-31 20:00:00,127,43,246517,46.9000015258789,71737,51.2000007629395,3.29999995231628,31.6000003814697,57.4000015258789,295.160774012108
"1171",407,2024-06-30 20:00:00,91,35,246517,46.9000015258789,71737,51.2000007629395,3.29999995231628,31.6000003814697,57.4000015258789,295.160774012108
"1172",407,2024-07-31 20:00:00,81,26,246517,46.9000015258789,71737,51.2000007629395,3.29999995231628,31.6000003814697,57.4000015258789,295.160774012108
"1173",407,2024-08-31 20:00:00,77,33,246517,46.9000015258789,71737,51.2000007629395,3.29999995231628,31.6000003814697,57.4000015258789,295.160774012108
"1174",407,2024-09-30 20:00:00,36,14,246517,46.9000015258789,71737,51.2000007629395,3.29999995231628,31.6000003814697,57.4000015258789,295.160774012108
"1175",407,2024-10-31 20:00:00,69,39,246517,46.9000015258789,71737,51.2000007629395,3.29999995231628,31.6000003814697,57.4000015258789,295.160774012108
"1176",407,2024-11-30 19:00:00,85,40,246517,46.9000015258789,71737,51.2000007629395,3.29999995231628,31.6000003814697,57.4000015258789,295.160774012108
"1177",408,2022-12-31 19:00:00,126,75,154886,39.7999992370605,85980,52.7000007629395,2.79999995231628,45,47.4000015258789,203.035758191932
"1178",408,2023-01-31 19:00:00,108,57,154886,39.7999992370605,85980,52.7000007629395,2.79999995231628,45,47.4000015258789,203.035758191932
"1179",408,2023-02-28 19:00:00,91,48,154886,39.7999992370605,85980,52.7000007629395,2.79999995231628,45,47.4000015258789,203.035758191932
"1180",408,2023-03-31 20:00:00,51,16,154886,39.7999992370605,85980,52.7000007629395,2.79999995231628,45,47.4000015258789,203.035758191932
"1181",408,2023-04-30 20:00:00,66,25,154886,39.7999992370605,85980,52.7000007629395,2.79999995231628,45,47.4000015258789,203.035758191932
"1182",408,2023-05-31 20:00:00,78,23,154886,39.7999992370605,85980,52.7000007629395,2.79999995231628,45,47.4000015258789,203.035758191932
"1183",408,2023-06-30 20:00:00,61,28,154886,39.7999992370605,85980,52.7000007629395,2.79999995231628,45,47.4000015258789,203.035758191932
"1184",408,2023-07-31 20:00:00,49,16,154886,39.7999992370605,85980,52.7000007629395,2.79999995231628,45,47.4000015258789,203.035758191932
"1185",408,2023-08-31 20:00:00,45,15,154886,39.7999992370605,85980,52.7000007629395,2.79999995231628,45,47.4000015258789,203.035758191932
"1186",408,2023-09-30 20:00:00,45,15,154886,39.7999992370605,85980,52.7000007629395,2.79999995231628,45,47.4000015258789,203.035758191932
"1187",408,2023-10-31 20:00:00,39,19,154886,39.7999992370605,85980,52.7000007629395,2.79999995231628,45,47.4000015258789,203.035758191932
"1188",408,2023-11-30 19:00:00,87,45,154886,39.7999992370605,85980,52.7000007629395,2.79999995231628,45,47.4000015258789,203.035758191932
"1189",408,2023-12-31 19:00:00,50,24,154886,39.7999992370605,85980,52.7000007629395,2.79999995231628,45,47.4000015258789,203.035758191932
"1190",408,2024-01-31 19:00:00,76,27,154886,39.7999992370605,85980,52.7000007629395,2.79999995231628,45,47.4000015258789,203.035758191932
"1191",408,2024-02-29 19:00:00,138,38,154886,39.7999992370605,85980,52.7000007629395,2.79999995231628,45,47.4000015258789,203.035758191932
"1192",408,2024-03-31 20:00:00,151,42,154886,39.7999992370605,85980,52.7000007629395,2.79999995231628,45,47.4000015258789,203.035758191932
"1193",408,2024-04-30 20:00:00,96,23,154886,39.7999992370605,85980,52.7000007629395,2.79999995231628,45,47.4000015258789,203.035758191932
"1194",408,2024-05-31 20:00:00,103,41,154886,39.7999992370605,85980,52.7000007629395,2.79999995231628,45,47.4000015258789,203.035758191932
"1195",408,2024-06-30 20:00:00,62,22,154886,39.7999992370605,85980,52.7000007629395,2.79999995231628,45,47.4000015258789,203.035758191932
"1196",408,2024-07-31 20:00:00,41,12,154886,39.7999992370605,85980,52.7000007629395,2.79999995231628,45,47.4000015258789,203.035758191932
"1197",408,2024-08-31 20:00:00,41,16,154886,39.7999992370605,85980,52.7000007629395,2.79999995231628,45,47.4000015258789,203.035758191932
"1198",408,2024-09-30 20:00:00,43,23,154886,39.7999992370605,85980,52.7000007629395,2.79999995231628,45,47.4000015258789,203.035758191932
"1199",408,2024-10-31 20:00:00,32,20,154886,39.7999992370605,85980,52.7000007629395,2.79999995231628,45,47.4000015258789,203.035758191932
"1200",408,2024-11-30 19:00:00,67,41,154886,39.7999992370605,85980,52.7000007629395,2.79999995231628,45,47.4000015258789,203.035758191932
"1201",409,2022-12-31 19:00:00,169,75,149365,39.2999992370605,89047,50.4000015258789,2.59999990463257,30.8999996185303,51.7999992370605,118.017923604115
"1202",409,2023-01-31 19:00:00,70,45,149365,39.2999992370605,89047,50.4000015258789,2.59999990463257,30.8999996185303,51.7999992370605,118.017923604115
"1203",409,2023-02-28 19:00:00,72,39,149365,39.2999992370605,89047,50.4000015258789,2.59999990463257,30.8999996185303,51.7999992370605,118.017923604115
"1204",409,2023-03-31 20:00:00,65,18,149365,39.2999992370605,89047,50.4000015258789,2.59999990463257,30.8999996185303,51.7999992370605,118.017923604115
"1205",409,2023-04-30 20:00:00,79,26,149365,39.2999992370605,89047,50.4000015258789,2.59999990463257,30.8999996185303,51.7999992370605,118.017923604115
"1206",409,2023-05-31 20:00:00,82,41,149365,39.2999992370605,89047,50.4000015258789,2.59999990463257,30.8999996185303,51.7999992370605,118.017923604115
"1207",409,2023-06-30 20:00:00,67,31,149365,39.2999992370605,89047,50.4000015258789,2.59999990463257,30.8999996185303,51.7999992370605,118.017923604115
"1208",409,2023-07-31 20:00:00,42,17,149365,39.2999992370605,89047,50.4000015258789,2.59999990463257,30.8999996185303,51.7999992370605,118.017923604115
"1209",409,2023-08-31 20:00:00,34,16,149365,39.2999992370605,89047,50.4000015258789,2.59999990463257,30.8999996185303,51.7999992370605,118.017923604115
"1210",409,2023-09-30 20:00:00,79,26,149365,39.2999992370605,89047,50.4000015258789,2.59999990463257,30.8999996185303,51.7999992370605,118.017923604115
"1211",409,2023-10-31 20:00:00,38,18,149365,39.2999992370605,89047,50.4000015258789,2.59999990463257,30.8999996185303,51.7999992370605,118.017923604115
"1212",409,2023-11-30 19:00:00,49,21,149365,39.2999992370605,89047,50.4000015258789,2.59999990463257,30.8999996185303,51.7999992370605,118.017923604115
"1213",409,2023-12-31 19:00:00,72,32,149365,39.2999992370605,89047,50.4000015258789,2.59999990463257,30.8999996185303,51.7999992370605,118.017923604115
"1214",409,2024-01-31 19:00:00,89,41,149365,39.2999992370605,89047,50.4000015258789,2.59999990463257,30.8999996185303,51.7999992370605,118.017923604115
"1215",409,2024-02-29 19:00:00,136,53,149365,39.2999992370605,89047,50.4000015258789,2.59999990463257,30.8999996185303,51.7999992370605,118.017923604115
"1216",409,2024-03-31 20:00:00,198,46,149365,39.2999992370605,89047,50.4000015258789,2.59999990463257,30.8999996185303,51.7999992370605,118.017923604115
"1217",409,2024-04-30 20:00:00,76,16,149365,39.2999992370605,89047,50.4000015258789,2.59999990463257,30.8999996185303,51.7999992370605,118.017923604115
"1218",409,2024-05-31 20:00:00,70,24,149365,39.2999992370605,89047,50.4000015258789,2.59999990463257,30.8999996185303,51.7999992370605,118.017923604115
"1219",409,2024-06-30 20:00:00,68,20,149365,39.2999992370605,89047,50.4000015258789,2.59999990463257,30.8999996185303,51.7999992370605,118.017923604115
"1220",409,2024-07-31 20:00:00,43,12,149365,39.2999992370605,89047,50.4000015258789,2.59999990463257,30.8999996185303,51.7999992370605,118.017923604115
"1221",409,2024-08-31 20:00:00,52,14,149365,39.2999992370605,89047,50.4000015258789,2.59999990463257,30.8999996185303,51.7999992370605,118.017923604115
"1222",409,2024-09-30 20:00:00,35,15,149365,39.2999992370605,89047,50.4000015258789,2.59999990463257,30.8999996185303,51.7999992370605,118.017923604115
"1223",409,2024-10-31 20:00:00,64,35,149365,39.2999992370605,89047,50.4000015258789,2.59999990463257,30.8999996185303,51.7999992370605,118.017923604115
"1224",409,2024-11-30 19:00:00,95,52,149365,39.2999992370605,89047,50.4000015258789,2.59999990463257,30.8999996185303,51.7999992370605,118.017923604115
"1225",410,2022-12-31 19:00:00,168,93,135400,42.2000007629395,94552,30.3999996185303,4,24,45.7000007629395,169.021318236355
"1226",410,2023-01-31 19:00:00,121,74,135400,42.2000007629395,94552,30.3999996185303,4,24,45.7000007629395,169.021318236355
"1227",410,2023-02-28 19:00:00,101,44,135400,42.2000007629395,94552,30.3999996185303,4,24,45.7000007629395,169.021318236355
"1228",410,2023-03-31 20:00:00,54,20,135400,42.2000007629395,94552,30.3999996185303,4,24,45.7000007629395,169.021318236355
"1229",410,2023-04-30 20:00:00,78,39,135400,42.2000007629395,94552,30.3999996185303,4,24,45.7000007629395,169.021318236355
"1230",410,2023-05-31 20:00:00,135,52,135400,42.2000007629395,94552,30.3999996185303,4,24,45.7000007629395,169.021318236355
"1231",410,2023-06-30 20:00:00,72,34,135400,42.2000007629395,94552,30.3999996185303,4,24,45.7000007629395,169.021318236355
"1232",410,2023-07-31 20:00:00,47,14,135400,42.2000007629395,94552,30.3999996185303,4,24,45.7000007629395,169.021318236355
"1233",410,2023-08-31 20:00:00,44,18,135400,42.2000007629395,94552,30.3999996185303,4,24,45.7000007629395,169.021318236355
"1234",410,2023-09-30 20:00:00,51,26,135400,42.2000007629395,94552,30.3999996185303,4,24,45.7000007629395,169.021318236355
"1235",410,2023-10-31 20:00:00,82,57,135400,42.2000007629395,94552,30.3999996185303,4,24,45.7000007629395,169.021318236355
"1236",410,2023-11-30 19:00:00,80,46,135400,42.2000007629395,94552,30.3999996185303,4,24,45.7000007629395,169.021318236355
"1237",410,2023-12-31 19:00:00,82,40,135400,42.2000007629395,94552,30.3999996185303,4,24,45.7000007629395,169.021318236355
"1238",410,2024-01-31 19:00:00,90,56,135400,42.2000007629395,94552,30.3999996185303,4,24,45.7000007629395,169.021318236355
"1239",410,2024-02-29 19:00:00,130,43,135400,42.2000007629395,94552,30.3999996185303,4,24,45.7000007629395,169.021318236355
"1240",410,2024-03-31 20:00:00,131,44,135400,42.2000007629395,94552,30.3999996185303,4,24,45.7000007629395,169.021318236355
"1241",410,2024-04-30 20:00:00,74,19,135400,42.2000007629395,94552,30.3999996185303,4,24,45.7000007629395,169.021318236355
"1242",410,2024-05-31 20:00:00,87,22,135400,42.2000007629395,94552,30.3999996185303,4,24,45.7000007629395,169.021318236355
"1243",410,2024-06-30 20:00:00,77,33,135400,42.2000007629395,94552,30.3999996185303,4,24,45.7000007629395,169.021318236355
"1244",410,2024-07-31 20:00:00,40,8,135400,42.2000007629395,94552,30.3999996185303,4,24,45.7000007629395,169.021318236355
"1245",410,2024-08-31 20:00:00,53,21,135400,42.2000007629395,94552,30.3999996185303,4,24,45.7000007629395,169.021318236355
"1246",410,2024-09-30 20:00:00,19,11,135400,42.2000007629395,94552,30.3999996185303,4,24,45.7000007629395,169.021318236355
"1247",410,2024-10-31 20:00:00,60,40,135400,42.2000007629395,94552,30.3999996185303,4,24,45.7000007629395,169.021318236355
"1248",410,2024-11-30 19:00:00,100,57,135400,42.2000007629395,94552,30.3999996185303,4,24,45.7000007629395,169.021318236355
"1249",411,2022-12-31 19:00:00,176,78,121282,46,105206,30.3999996185303,4.40000009536743,47.5,41.9000015258789,254.222620710884
"1250",411,2023-01-31 19:00:00,128,71,121282,46,105206,30.3999996185303,4.40000009536743,47.5,41.9000015258789,254.222620710884
"1251",411,2023-02-28 19:00:00,146,98,121282,46,105206,30.3999996185303,4.40000009536743,47.5,41.9000015258789,254.222620710884
"1252",411,2023-03-31 20:00:00,37,15,121282,46,105206,30.3999996185303,4.40000009536743,47.5,41.9000015258789,254.222620710884
"1253",411,2023-04-30 20:00:00,87,32,121282,46,105206,30.3999996185303,4.40000009536743,47.5,41.9000015258789,254.222620710884
"1254",411,2023-05-31 20:00:00,105,40,121282,46,105206,30.3999996185303,4.40000009536743,47.5,41.9000015258789,254.222620710884
"1255",411,2023-06-30 20:00:00,51,26,121282,46,105206,30.3999996185303,4.40000009536743,47.5,41.9000015258789,254.222620710884
"1256",411,2023-07-31 20:00:00,57,24,121282,46,105206,30.3999996185303,4.40000009536743,47.5,41.9000015258789,254.222620710884
"1257",411,2023-08-31 20:00:00,37,16,121282,46,105206,30.3999996185303,4.40000009536743,47.5,41.9000015258789,254.222620710884
"1258",411,2023-09-30 20:00:00,58,28,121282,46,105206,30.3999996185303,4.40000009536743,47.5,41.9000015258789,254.222620710884
"1259",411,2023-10-31 20:00:00,41,19,121282,46,105206,30.3999996185303,4.40000009536743,47.5,41.9000015258789,254.222620710884
"1260",411,2023-11-30 19:00:00,71,27,121282,46,105206,30.3999996185303,4.40000009536743,47.5,41.9000015258789,254.222620710884
"1261",411,2023-12-31 19:00:00,79,34,121282,46,105206,30.3999996185303,4.40000009536743,47.5,41.9000015258789,254.222620710884
"1262",411,2024-01-31 19:00:00,163,85,121282,46,105206,30.3999996185303,4.40000009536743,47.5,41.9000015258789,254.222620710884
"1263",411,2024-02-29 19:00:00,152,60,121282,46,105206,30.3999996185303,4.40000009536743,47.5,41.9000015258789,254.222620710884
"1264",411,2024-03-31 20:00:00,197,73,121282,46,105206,30.3999996185303,4.40000009536743,47.5,41.9000015258789,254.222620710884
"1265",411,2024-04-30 20:00:00,141,39,121282,46,105206,30.3999996185303,4.40000009536743,47.5,41.9000015258789,254.222620710884
"1266",411,2024-05-31 20:00:00,107,30,121282,46,105206,30.3999996185303,4.40000009536743,47.5,41.9000015258789,254.222620710884
"1267",411,2024-06-30 20:00:00,77,25,121282,46,105206,30.3999996185303,4.40000009536743,47.5,41.9000015258789,254.222620710884
"1268",411,2024-07-31 20:00:00,63,12,121282,46,105206,30.3999996185303,4.40000009536743,47.5,41.9000015258789,254.222620710884
"1269",411,2024-08-31 20:00:00,52,20,121282,46,105206,30.3999996185303,4.40000009536743,47.5,41.9000015258789,254.222620710884
"1270",411,2024-09-30 20:00:00,44,22,121282,46,105206,30.3999996185303,4.40000009536743,47.5,41.9000015258789,254.222620710884
"1271",411,2024-10-31 20:00:00,64,36,121282,46,105206,30.3999996185303,4.40000009536743,47.5,41.9000015258789,254.222620710884
"1272",411,2024-11-30 19:00:00,80,48,121282,46,105206,30.3999996185303,4.40000009536743,47.5,41.9000015258789,254.222620710884
"1273",412,2022-12-31 19:00:00,141,69,254693,38.7999992370605,78010,51.5,3.5,23,45.7000007629395,270.644695066673
"1274",412,2023-01-31 19:00:00,177,120,254693,38.7999992370605,78010,51.5,3.5,23,45.7000007629395,270.644695066673
"1275",412,2023-02-28 19:00:00,133,79,254693,38.7999992370605,78010,51.5,3.5,23,45.7000007629395,270.644695066673
"1276",412,2023-03-31 20:00:00,57,25,254693,38.7999992370605,78010,51.5,3.5,23,45.7000007629395,270.644695066673
"1277",412,2023-04-30 20:00:00,72,33,254693,38.7999992370605,78010,51.5,3.5,23,45.7000007629395,270.644695066673
"1278",412,2023-05-31 20:00:00,101,47,254693,38.7999992370605,78010,51.5,3.5,23,45.7000007629395,270.644695066673
"1279",412,2023-06-30 20:00:00,48,19,254693,38.7999992370605,78010,51.5,3.5,23,45.7000007629395,270.644695066673
"1280",412,2023-07-31 20:00:00,58,20,254693,38.7999992370605,78010,51.5,3.5,23,45.7000007629395,270.644695066673
"1281",412,2023-08-31 20:00:00,48,19,254693,38.7999992370605,78010,51.5,3.5,23,45.7000007629395,270.644695066673
"1282",412,2023-09-30 20:00:00,78,22,254693,38.7999992370605,78010,51.5,3.5,23,45.7000007629395,270.644695066673
"1283",412,2023-10-31 20:00:00,81,41,254693,38.7999992370605,78010,51.5,3.5,23,45.7000007629395,270.644695066673
"1284",412,2023-11-30 19:00:00,78,39,254693,38.7999992370605,78010,51.5,3.5,23,45.7000007629395,270.644695066673
"1285",412,2023-12-31 19:00:00,129,60,254693,38.7999992370605,78010,51.5,3.5,23,45.7000007629395,270.644695066673
"1286",412,2024-01-31 19:00:00,128,53,254693,38.7999992370605,78010,51.5,3.5,23,45.7000007629395,270.644695066673
"1287",412,2024-02-29 19:00:00,182,78,254693,38.7999992370605,78010,51.5,3.5,23,45.7000007629395,270.644695066673
"1288",412,2024-03-31 20:00:00,201,50,254693,38.7999992370605,78010,51.5,3.5,23,45.7000007629395,270.644695066673
"1289",412,2024-04-30 20:00:00,157,35,254693,38.7999992370605,78010,51.5,3.5,23,45.7000007629395,270.644695066673
"1290",412,2024-05-31 20:00:00,187,44,254693,38.7999992370605,78010,51.5,3.5,23,45.7000007629395,270.644695066673
"1291",412,2024-06-30 20:00:00,112,36,254693,38.7999992370605,78010,51.5,3.5,23,45.7000007629395,270.644695066673
"1292",412,2024-07-31 20:00:00,105,32,254693,38.7999992370605,78010,51.5,3.5,23,45.7000007629395,270.644695066673
"1293",412,2024-08-31 20:00:00,134,37,254693,38.7999992370605,78010,51.5,3.5,23,45.7000007629395,270.644695066673
"1294",412,2024-09-30 20:00:00,125,12,254693,38.7999992370605,78010,51.5,3.5,23,45.7000007629395,270.644695066673
"1295",412,2024-10-31 20:00:00,50,24,254693,38.7999992370605,78010,51.5,3.5,23,45.7000007629395,270.644695066673
"1296",412,2024-11-30 19:00:00,94,46,254693,38.7999992370605,78010,51.5,3.5,23,45.7000007629395,270.644695066673
"1297",413,2022-12-31 19:00:00,233,102,205191,43.7999992370605,107510,27.1000003814697,3.20000004768372,34.0999984741211,44.7999992370605,360.308375367344
"1298",413,2023-01-31 19:00:00,240,117,205191,43.7999992370605,107510,27.1000003814697,3.20000004768372,34.0999984741211,44.7999992370605,360.308375367344
"1299",413,2023-02-28 19:00:00,250,129,205191,43.7999992370605,107510,27.1000003814697,3.20000004768372,34.0999984741211,44.7999992370605,360.308375367344
"1300",413,2023-03-31 20:00:00,99,45,205191,43.7999992370605,107510,27.1000003814697,3.20000004768372,34.0999984741211,44.7999992370605,360.308375367344
"1301",413,2023-04-30 20:00:00,153,60,205191,43.7999992370605,107510,27.1000003814697,3.20000004768372,34.0999984741211,44.7999992370605,360.308375367344
"1302",413,2023-05-31 20:00:00,174,72,205191,43.7999992370605,107510,27.1000003814697,3.20000004768372,34.0999984741211,44.7999992370605,360.308375367344
"1303",413,2023-06-30 20:00:00,80,37,205191,43.7999992370605,107510,27.1000003814697,3.20000004768372,34.0999984741211,44.7999992370605,360.308375367344
"1304",413,2023-07-31 20:00:00,89,36,205191,43.7999992370605,107510,27.1000003814697,3.20000004768372,34.0999984741211,44.7999992370605,360.308375367344
"1305",413,2023-08-31 20:00:00,63,21,205191,43.7999992370605,107510,27.1000003814697,3.20000004768372,34.0999984741211,44.7999992370605,360.308375367344
"1306",413,2023-09-30 20:00:00,87,38,205191,43.7999992370605,107510,27.1000003814697,3.20000004768372,34.0999984741211,44.7999992370605,360.308375367344
"1307",413,2023-10-31 20:00:00,131,61,205191,43.7999992370605,107510,27.1000003814697,3.20000004768372,34.0999984741211,44.7999992370605,360.308375367344
"1308",413,2023-11-30 19:00:00,150,77,205191,43.7999992370605,107510,27.1000003814697,3.20000004768372,34.0999984741211,44.7999992370605,360.308375367344
"1309",413,2023-12-31 19:00:00,164,87,205191,43.7999992370605,107510,27.1000003814697,3.20000004768372,34.0999984741211,44.7999992370605,360.308375367344
"1310",413,2024-01-31 19:00:00,184,85,205191,43.7999992370605,107510,27.1000003814697,3.20000004768372,34.0999984741211,44.7999992370605,360.308375367344
"1311",413,2024-02-29 19:00:00,297,125,205191,43.7999992370605,107510,27.1000003814697,3.20000004768372,34.0999984741211,44.7999992370605,360.308375367344
"1312",413,2024-03-31 20:00:00,326,76,205191,43.7999992370605,107510,27.1000003814697,3.20000004768372,34.0999984741211,44.7999992370605,360.308375367344
"1313",413,2024-04-30 20:00:00,223,42,205191,43.7999992370605,107510,27.1000003814697,3.20000004768372,34.0999984741211,44.7999992370605,360.308375367344
"1314",413,2024-05-31 20:00:00,152,55,205191,43.7999992370605,107510,27.1000003814697,3.20000004768372,34.0999984741211,44.7999992370605,360.308375367344
"1315",413,2024-06-30 20:00:00,141,27,205191,43.7999992370605,107510,27.1000003814697,3.20000004768372,34.0999984741211,44.7999992370605,360.308375367344
"1316",413,2024-07-31 20:00:00,106,31,205191,43.7999992370605,107510,27.1000003814697,3.20000004768372,34.0999984741211,44.7999992370605,360.308375367344
"1317",413,2024-08-31 20:00:00,96,29,205191,43.7999992370605,107510,27.1000003814697,3.20000004768372,34.0999984741211,44.7999992370605,360.308375367344
"1318",413,2024-09-30 20:00:00,63,28,205191,43.7999992370605,107510,27.1000003814697,3.20000004768372,34.0999984741211,44.7999992370605,360.308375367344
"1319",413,2024-10-31 20:00:00,76,36,205191,43.7999992370605,107510,27.1000003814697,3.20000004768372,34.0999984741211,44.7999992370605,360.308375367344
"1320",413,2024-11-30 19:00:00,116,68,205191,43.7999992370605,107510,27.1000003814697,3.20000004768372,34.0999984741211,44.7999992370605,360.308375367344
"1321",414,2022-12-31 19:00:00,106,51,130562,38.5,66899,62,2.5,29.7999992370605,28.7999992370605,162.013511435957
"1322",414,2023-01-31 19:00:00,88,43,130562,38.5,66899,62,2.5,29.7999992370605,28.7999992370605,162.013511435957
"1323",414,2023-02-28 19:00:00,79,22,130562,38.5,66899,62,2.5,29.7999992370605,28.7999992370605,162.013511435957
"1324",414,2023-03-31 20:00:00,25,4,130562,38.5,66899,62,2.5,29.7999992370605,28.7999992370605,162.013511435957
"1325",414,2023-04-30 20:00:00,31,8,130562,38.5,66899,62,2.5,29.7999992370605,28.7999992370605,162.013511435957
"1326",414,2023-05-31 20:00:00,43,15,130562,38.5,66899,62,2.5,29.7999992370605,28.7999992370605,162.013511435957
"1327",414,2023-06-30 20:00:00,40,18,130562,38.5,66899,62,2.5,29.7999992370605,28.7999992370605,162.013511435957
"1328",414,2023-07-31 20:00:00,34,12,130562,38.5,66899,62,2.5,29.7999992370605,28.7999992370605,162.013511435957
"1329",414,2023-08-31 20:00:00,13,5,130562,38.5,66899,62,2.5,29.7999992370605,28.7999992370605,162.013511435957
"1330",414,2023-09-30 20:00:00,14,4,130562,38.5,66899,62,2.5,29.7999992370605,28.7999992370605,162.013511435957
"1331",414,2023-10-31 20:00:00,42,11,130562,38.5,66899,62,2.5,29.7999992370605,28.7999992370605,162.013511435957
"1332",414,2023-11-30 19:00:00,15,7,130562,38.5,66899,62,2.5,29.7999992370605,28.7999992370605,162.013511435957
"1333",414,2023-12-31 19:00:00,41,12,130562,38.5,66899,62,2.5,29.7999992370605,28.7999992370605,162.013511435957
"1334",414,2024-01-31 19:00:00,52,18,130562,38.5,66899,62,2.5,29.7999992370605,28.7999992370605,162.013511435957
"1335",414,2024-02-29 19:00:00,91,20,130562,38.5,66899,62,2.5,29.7999992370605,28.7999992370605,162.013511435957
"1336",414,2024-03-31 20:00:00,101,23,130562,38.5,66899,62,2.5,29.7999992370605,28.7999992370605,162.013511435957
"1337",414,2024-04-30 20:00:00,136,35,130562,38.5,66899,62,2.5,29.7999992370605,28.7999992370605,162.013511435957
"1338",414,2024-05-31 20:00:00,62,19,130562,38.5,66899,62,2.5,29.7999992370605,28.7999992370605,162.013511435957
"1339",414,2024-06-30 20:00:00,58,11,130562,38.5,66899,62,2.5,29.7999992370605,28.7999992370605,162.013511435957
"1340",414,2024-07-31 20:00:00,54,10,130562,38.5,66899,62,2.5,29.7999992370605,28.7999992370605,162.013511435957
"1341",414,2024-08-31 20:00:00,26,6,130562,38.5,66899,62,2.5,29.7999992370605,28.7999992370605,162.013511435957
"1342",414,2024-09-30 20:00:00,23,7,130562,38.5,66899,62,2.5,29.7999992370605,28.7999992370605,162.013511435957
"1343",414,2024-10-31 20:00:00,28,17,130562,38.5,66899,62,2.5,29.7999992370605,28.7999992370605,162.013511435957
"1344",414,2024-11-30 19:00:00,41,18,130562,38.5,66899,62,2.5,29.7999992370605,28.7999992370605,162.013511435957
"1345",501,2022-12-31 19:00:00,233,106,181349,37.9000015258789,85767,44.5999984741211,6.09999990463257,32.5,26.5,300.765321768834
"1346",501,2023-01-31 19:00:00,182,83,181349,37.9000015258789,85767,44.5999984741211,6.09999990463257,32.5,26.5,300.765321768834
"1347",501,2023-02-28 19:00:00,175,72,181349,37.9000015258789,85767,44.5999984741211,6.09999990463257,32.5,26.5,300.765321768834
"1348",501,2023-03-31 20:00:00,81,38,181349,37.9000015258789,85767,44.5999984741211,6.09999990463257,32.5,26.5,300.765321768834
"1349",501,2023-04-30 20:00:00,98,40,181349,37.9000015258789,85767,44.5999984741211,6.09999990463257,32.5,26.5,300.765321768834
"1350",501,2023-05-31 20:00:00,54,32,181349,37.9000015258789,85767,44.5999984741211,6.09999990463257,32.5,26.5,300.765321768834
"1351",501,2023-06-30 20:00:00,50,22,181349,37.9000015258789,85767,44.5999984741211,6.09999990463257,32.5,26.5,300.765321768834
"1352",501,2023-07-31 20:00:00,59,19,181349,37.9000015258789,85767,44.5999984741211,6.09999990463257,32.5,26.5,300.765321768834
"1353",501,2023-08-31 20:00:00,60,19,181349,37.9000015258789,85767,44.5999984741211,6.09999990463257,32.5,26.5,300.765321768834
"1354",501,2023-09-30 20:00:00,47,20,181349,37.9000015258789,85767,44.5999984741211,6.09999990463257,32.5,26.5,300.765321768834
"1355",501,2023-10-31 20:00:00,54,26,181349,37.9000015258789,85767,44.5999984741211,6.09999990463257,32.5,26.5,300.765321768834
"1356",501,2023-11-30 19:00:00,58,24,181349,37.9000015258789,85767,44.5999984741211,6.09999990463257,32.5,26.5,300.765321768834
"1357",501,2023-12-31 19:00:00,138,58,181349,37.9000015258789,85767,44.5999984741211,6.09999990463257,32.5,26.5,300.765321768834
"1358",501,2024-01-31 19:00:00,174,87,181349,37.9000015258789,85767,44.5999984741211,6.09999990463257,32.5,26.5,300.765321768834
"1359",501,2024-02-29 19:00:00,203,91,181349,37.9000015258789,85767,44.5999984741211,6.09999990463257,32.5,26.5,300.765321768834
"1360",501,2024-03-31 20:00:00,188,89,181349,37.9000015258789,85767,44.5999984741211,6.09999990463257,32.5,26.5,300.765321768834
"1361",501,2024-04-30 20:00:00,109,48,181349,37.9000015258789,85767,44.5999984741211,6.09999990463257,32.5,26.5,300.765321768834
"1362",501,2024-05-31 20:00:00,84,46,181349,37.9000015258789,85767,44.5999984741211,6.09999990463257,32.5,26.5,300.765321768834
"1363",501,2024-06-30 20:00:00,51,24,181349,37.9000015258789,85767,44.5999984741211,6.09999990463257,32.5,26.5,300.765321768834
"1364",501,2024-07-31 20:00:00,40,16,181349,37.9000015258789,85767,44.5999984741211,6.09999990463257,32.5,26.5,300.765321768834
"1365",501,2024-08-31 20:00:00,58,24,181349,37.9000015258789,85767,44.5999984741211,6.09999990463257,32.5,26.5,300.765321768834
"1366",501,2024-09-30 20:00:00,52,13,181349,37.9000015258789,85767,44.5999984741211,6.09999990463257,32.5,26.5,300.765321768834
"1367",501,2024-10-31 20:00:00,42,14,181349,37.9000015258789,85767,44.5999984741211,6.09999990463257,32.5,26.5,300.765321768834
"1368",501,2024-11-30 19:00:00,60,33,181349,37.9000015258789,85767,44.5999984741211,6.09999990463257,32.5,26.5,300.765321768834
"1369",502,2022-12-31 19:00:00,250,104,142132,41.9000015258789,95190,29.2000007629395,4,35.0999984741211,31.2000007629395,326.980945126987
"1370",502,2023-01-31 19:00:00,226,95,142132,41.9000015258789,95190,29.2000007629395,4,35.0999984741211,31.2000007629395,326.980945126987
"1371",502,2023-02-28 19:00:00,186,88,142132,41.9000015258789,95190,29.2000007629395,4,35.0999984741211,31.2000007629395,326.980945126987
"1372",502,2023-03-31 20:00:00,138,61,142132,41.9000015258789,95190,29.2000007629395,4,35.0999984741211,31.2000007629395,326.980945126987
"1373",502,2023-04-30 20:00:00,96,55,142132,41.9000015258789,95190,29.2000007629395,4,35.0999984741211,31.2000007629395,326.980945126987
"1374",502,2023-05-31 20:00:00,62,26,142132,41.9000015258789,95190,29.2000007629395,4,35.0999984741211,31.2000007629395,326.980945126987
"1375",502,2023-06-30 20:00:00,65,27,142132,41.9000015258789,95190,29.2000007629395,4,35.0999984741211,31.2000007629395,326.980945126987
"1376",502,2023-07-31 20:00:00,88,34,142132,41.9000015258789,95190,29.2000007629395,4,35.0999984741211,31.2000007629395,326.980945126987
"1377",502,2023-08-31 20:00:00,49,24,142132,41.9000015258789,95190,29.2000007629395,4,35.0999984741211,31.2000007629395,326.980945126987
"1378",502,2023-09-30 20:00:00,79,40,142132,41.9000015258789,95190,29.2000007629395,4,35.0999984741211,31.2000007629395,326.980945126987
"1379",502,2023-10-31 20:00:00,47,19,142132,41.9000015258789,95190,29.2000007629395,4,35.0999984741211,31.2000007629395,326.980945126987
"1380",502,2023-11-30 19:00:00,64,24,142132,41.9000015258789,95190,29.2000007629395,4,35.0999984741211,31.2000007629395,326.980945126987
"1381",502,2023-12-31 19:00:00,145,69,142132,41.9000015258789,95190,29.2000007629395,4,35.0999984741211,31.2000007629395,326.980945126987
"1382",502,2024-01-31 19:00:00,172,81,142132,41.9000015258789,95190,29.2000007629395,4,35.0999984741211,31.2000007629395,326.980945126987
"1383",502,2024-02-29 19:00:00,237,102,142132,41.9000015258789,95190,29.2000007629395,4,35.0999984741211,31.2000007629395,326.980945126987
"1384",502,2024-03-31 20:00:00,197,77,142132,41.9000015258789,95190,29.2000007629395,4,35.0999984741211,31.2000007629395,326.980945126987
"1385",502,2024-04-30 20:00:00,131,70,142132,41.9000015258789,95190,29.2000007629395,4,35.0999984741211,31.2000007629395,326.980945126987
"1386",502,2024-05-31 20:00:00,107,54,142132,41.9000015258789,95190,29.2000007629395,4,35.0999984741211,31.2000007629395,326.980945126987
"1387",502,2024-06-30 20:00:00,63,31,142132,41.9000015258789,95190,29.2000007629395,4,35.0999984741211,31.2000007629395,326.980945126987
"1388",502,2024-07-31 20:00:00,76,41,142132,41.9000015258789,95190,29.2000007629395,4,35.0999984741211,31.2000007629395,326.980945126987
"1389",502,2024-08-31 20:00:00,76,36,142132,41.9000015258789,95190,29.2000007629395,4,35.0999984741211,31.2000007629395,326.980945126987
"1390",502,2024-09-30 20:00:00,65,19,142132,41.9000015258789,95190,29.2000007629395,4,35.0999984741211,31.2000007629395,326.980945126987
"1391",502,2024-10-31 20:00:00,44,15,142132,41.9000015258789,95190,29.2000007629395,4,35.0999984741211,31.2000007629395,326.980945126987
"1392",502,2024-11-30 19:00:00,96,41,142132,41.9000015258789,95190,29.2000007629395,4,35.0999984741211,31.2000007629395,326.980945126987
"1393",503,2022-12-31 19:00:00,371,219,168729,41.9000015258789,118478,20.7000007629395,5.19999980926514,39.7999992370605,18.6000003814697,393.392206499011
"1394",503,2023-01-31 19:00:00,262,146,168729,41.9000015258789,118478,20.7000007629395,5.19999980926514,39.7999992370605,18.6000003814697,393.392206499011
"1395",503,2023-02-28 19:00:00,266,115,168729,41.9000015258789,118478,20.7000007629395,5.19999980926514,39.7999992370605,18.6000003814697,393.392206499011
"1396",503,2023-03-31 20:00:00,111,44,168729,41.9000015258789,118478,20.7000007629395,5.19999980926514,39.7999992370605,18.6000003814697,393.392206499011
"1397",503,2023-04-30 20:00:00,119,53,168729,41.9000015258789,118478,20.7000007629395,5.19999980926514,39.7999992370605,18.6000003814697,393.392206499011
"1398",503,2023-05-31 20:00:00,75,40,168729,41.9000015258789,118478,20.7000007629395,5.19999980926514,39.7999992370605,18.6000003814697,393.392206499011
"1399",503,2023-06-30 20:00:00,55,30,168729,41.9000015258789,118478,20.7000007629395,5.19999980926514,39.7999992370605,18.6000003814697,393.392206499011
"1400",503,2023-07-31 20:00:00,66,31,168729,41.9000015258789,118478,20.7000007629395,5.19999980926514,39.7999992370605,18.6000003814697,393.392206499011
"1401",503,2023-08-31 20:00:00,43,18,168729,41.9000015258789,118478,20.7000007629395,5.19999980926514,39.7999992370605,18.6000003814697,393.392206499011
"1402",503,2023-09-30 20:00:00,61,29,168729,41.9000015258789,118478,20.7000007629395,5.19999980926514,39.7999992370605,18.6000003814697,393.392206499011
"1403",503,2023-10-31 20:00:00,49,15,168729,41.9000015258789,118478,20.7000007629395,5.19999980926514,39.7999992370605,18.6000003814697,393.392206499011
"1404",503,2023-11-30 19:00:00,70,38,168729,41.9000015258789,118478,20.7000007629395,5.19999980926514,39.7999992370605,18.6000003814697,393.392206499011
"1405",503,2023-12-31 19:00:00,193,114,168729,41.9000015258789,118478,20.7000007629395,5.19999980926514,39.7999992370605,18.6000003814697,393.392206499011
"1406",503,2024-01-31 19:00:00,193,97,168729,41.9000015258789,118478,20.7000007629395,5.19999980926514,39.7999992370605,18.6000003814697,393.392206499011
"1407",503,2024-02-29 19:00:00,364,149,168729,41.9000015258789,118478,20.7000007629395,5.19999980926514,39.7999992370605,18.6000003814697,393.392206499011
"1408",503,2024-03-31 20:00:00,242,106,168729,41.9000015258789,118478,20.7000007629395,5.19999980926514,39.7999992370605,18.6000003814697,393.392206499011
"1409",503,2024-04-30 20:00:00,143,73,168729,41.9000015258789,118478,20.7000007629395,5.19999980926514,39.7999992370605,18.6000003814697,393.392206499011
"1410",503,2024-05-31 20:00:00,122,59,168729,41.9000015258789,118478,20.7000007629395,5.19999980926514,39.7999992370605,18.6000003814697,393.392206499011
"1411",503,2024-06-30 20:00:00,78,42,168729,41.9000015258789,118478,20.7000007629395,5.19999980926514,39.7999992370605,18.6000003814697,393.392206499011
"1412",503,2024-07-31 20:00:00,69,32,168729,41.9000015258789,118478,20.7000007629395,5.19999980926514,39.7999992370605,18.6000003814697,393.392206499011
"1413",503,2024-08-31 20:00:00,62,32,168729,41.9000015258789,118478,20.7000007629395,5.19999980926514,39.7999992370605,18.6000003814697,393.392206499011
"1414",503,2024-09-30 20:00:00,57,24,168729,41.9000015258789,118478,20.7000007629395,5.19999980926514,39.7999992370605,18.6000003814697,393.392206499011
"1415",503,2024-10-31 20:00:00,40,25,168729,41.9000015258789,118478,20.7000007629395,5.19999980926514,39.7999992370605,18.6000003814697,393.392206499011
"1416",503,2024-11-30 19:00:00,133,67,168729,41.9000015258789,118478,20.7000007629395,5.19999980926514,39.7999992370605,18.6000003814697,393.392206499011
